City_ID,City,Lat,Lng,Max Temp,Humidity,Cloudiness,Wind Speed,Country,Date
0,Avarua,-21.2078,-159.775,77.05,50,40,14.97,CK,2022-07-10 23:56:56
1,Leningradskiy,69.3833,178.4167,38.16,86,100,12.8,RU,2022-07-11 00:01:50
2,Vaini,-21.2,-175.2,75.34,81,73,22.77,TO,2022-07-11 00:01:51
3,Papara,-3.9839,-38.7273,76.69,90,28,2.59,BR,2022-07-11 00:01:51
4,Tevaitoa,-16.7833,-151.5,78.15,77,95,18.92,PF,2022-07-11 00:01:51
5,Ushuaia,-54.8,-68.3,21.15,90,13,5.39,AR,2022-07-11 00:01:52
6,Kawambwa,-9.7915,29.0791,55.11,56,6,5.59,ZM,2022-07-11 00:01:52
7,Ponta Do Sol,32.6667,-17.1,70.43,76,7,3.67,PT,2022-07-11 00:01:52
8,Marsabit,2.3284,37.9899,59.59,75,37,23.87,KE,2022-07-11 00:01:53
9,Nome,64.5011,-165.4064,69.17,64,100,12.21,US,2022-07-11 00:01:53
10,Ontario,34.0633,-117.6509,104.41,33,0,16.11,US,2022-07-11 00:01:53
11,Mar Del Plata,-38.0023,-57.5575,51.1,75,0,10.0,AR,2022-07-10 23:58:25
12,Lavrentiya,65.5833,-171.0,50.77,80,100,5.48,RU,2022-07-11 00:01:54
13,Castro,-24.7911,-50.0119,55.81,79,6,4.03,BR,2022-07-10 23:57:02
14,Ribeira Grande,38.5167,-28.7,67.33,79,15,5.59,PT,2022-07-11 00:01:54
15,Iskateley,67.6803,53.1512,50.9,81,98,5.95,RU,2022-07-11 00:01:54
16,Constitucion,-35.3333,-72.4167,48.38,84,52,3.91,CL,2022-07-11 00:01:55
17,Hilo,19.7297,-155.09,84.27,92,44,3.0,US,2022-07-11 00:01:20
18,Jamestown,42.097,-79.2353,71.71,69,0,4.41,US,2022-07-10 23:59:16
19,Mataura,-46.1927,168.8643,43.27,65,72,5.14,NZ,2022-07-11 00:01:55
20,Tasiilaq,65.6145,-37.6368,46.56,78,45,1.54,GL,2022-07-11 00:01:56
21,Dikson,73.5069,80.5464,37.94,90,100,1.81,RU,2022-07-11 00:01:56
22,Coihaique,-45.5752,-72.0662,28.35,86,75,3.44,CL,2022-07-10 23:57:08
23,Punta Arenas,-53.15,-70.9167,28.11,86,8,6.89,CL,2022-07-11 00:01:56
24,Liuzhou,24.3126,109.3892,82.8,82,49,3.94,CN,2022-07-11 00:01:57
25,Raga,8.4596,25.678,69.46,99,100,4.76,SS,2022-07-11 00:01:57
26,Alofi,-19.0595,-169.9187,76.82,75,95,22.75,NU,2022-07-11 00:01:57
27,Diffa,13.3154,12.6113,88.03,42,80,7.83,NE,2022-07-11 00:01:57
28,New Norfolk,-42.7826,147.0587,51.3,77,100,3.74,AU,2022-07-11 00:01:58
29,Killybegs,54.6333,-8.45,60.4,92,99,1.66,IE,2022-07-11 00:01:58
30,Sar-E Pul,35.8333,66.1667,60.22,30,0,0.51,AF,2022-07-11 00:01:58
31,Athabasca,54.7169,-113.2854,64.99,65,83,8.81,CA,2022-07-11 00:01:59
32,Andenes,69.3143,16.1194,52.93,93,100,6.91,NO,2022-07-11 00:01:59
33,Barrow,71.2906,-156.7887,59.02,72,0,6.91,US,2022-07-11 00:01:59
34,Lorengau,-2.0226,147.2712,84.72,65,83,8.88,PG,2022-07-11 00:02:00
35,Ilulissat,69.2167,-51.1,41.02,87,100,3.44,GL,2022-07-11 00:02:00
36,Katsuura,35.1333,140.3,79.07,80,4,6.46,JP,2022-07-11 00:02:00
37,Oyem,1.5995,11.5793,64.98,99,73,3.11,GA,2022-07-11 00:02:01
38,Aksu,41.1231,80.2644,73.85,38,91,7.09,CN,2022-07-11 00:00:26
39,Barcelos,41.5388,-8.6151,64.85,85,3,2.17,PT,2022-07-11 00:02:01
40,Carnarvon,-24.8667,113.6333,58.62,67,0,17.67,AU,2022-07-11 00:02:01
41,Portland,45.5234,-122.6762,83.55,49,94,5.01,US,2022-07-10 23:59:55
42,Qaanaaq,77.484,-69.3632,42.12,78,100,2.84,GL,2022-07-11 00:02:02
43,Guryevsk,54.2833,85.9333,64.47,80,11,2.64,RU,2022-07-11 00:02:02
44,Puerto Ayora,-0.7393,-90.3518,71.55,91,58,7.0,EC,2022-07-10 23:58:40
45,Rumoi,43.9344,141.6428,74.82,81,30,4.16,JP,2022-07-11 00:02:03
46,Hermanus,-34.4187,19.2345,53.65,75,46,9.46,ZA,2022-07-11 00:02:03
47,Ostrovnoy,68.0531,39.5131,55.58,77,44,12.75,RU,2022-07-10 23:59:13
48,Banjar,-8.19,114.9675,79.65,81,98,3.24,ID,2022-07-11 00:02:04
49,Bambous Virieux,-20.3428,57.7575,70.21,64,74,21.16,MU,2022-07-11 00:03:04
50,Berlevag,70.8578,29.0864,53.4,87,100,9.22,NO,2022-07-11 00:03:05
51,Oktyabrskoye,43.0645,44.7417,69.94,88,63,8.95,RU,2022-07-11 00:03:05
52,Busselton,-33.65,115.3333,54.32,67,90,3.18,AU,2022-07-11 00:03:05
53,Marawi,7.9986,124.2928,76.06,74,88,4.9,PH,2022-07-11 00:03:06
54,Upernavik,72.7868,-56.1549,38.86,84,44,3.98,GL,2022-07-11 00:03:06
55,Laguna,38.421,-121.4238,103.32,18,0,5.75,US,2022-07-11 00:03:06
56,Faanui,-16.4833,-151.75,77.88,78,82,18.16,PF,2022-07-10 23:58:32
57,Pevek,69.7008,170.3133,34.47,82,76,4.14,RU,2022-07-11 00:03:07
58,Mayo,38.8876,-76.5119,78.37,69,0,11.5,US,2022-07-11 00:03:07
59,Tiarei,-17.5333,-149.3333,82.42,79,50,18.43,PF,2022-07-11 00:03:07
60,Samoded,63.6083,40.5111,58.98,98,99,5.59,RU,2022-07-11 00:03:08
61,Alekseyevka,50.6309,38.6903,76.37,35,100,13.11,RU,2022-07-11 00:03:08
62,Esperance,-33.8667,121.9,55.85,74,77,7.05,AU,2022-07-11 00:03:08
63,Chengde,40.9725,117.9361,74.57,75,1,1.19,CN,2022-07-11 00:03:09
64,Gat,31.61,34.7642,75.88,100,10,5.12,IL,2022-07-11 00:03:09
65,Kavaratti,10.5669,72.642,81.28,80,100,20.74,IN,2022-07-11 00:03:10
66,Horconcitos,8.4682,-81.8007,68.58,98,100,2.73,PA,2022-07-11 00:03:10
67,Porto Seguro,-16.4497,-39.0647,73.13,73,3,8.34,BR,2022-07-11 00:03:10
68,Virginia Beach,36.8529,-75.978,68.02,88,100,9.22,US,2022-07-11 00:03:11
69,Kodiak,57.79,-152.4072,59.07,66,83,6.26,US,2022-07-11 00:03:11
70,Rikitea,-23.1203,-134.9692,73.47,75,9,3.15,PF,2022-07-11 00:03:11
71,Kahului,20.8947,-156.47,82.98,80,38,15.99,US,2022-07-11 00:03:12
72,Kaitangata,-46.2817,169.8464,45.55,68,53,10.94,NZ,2022-07-11 00:03:12
73,Hamilton,39.1834,-84.5333,84.83,60,0,5.28,US,2022-07-11 00:00:30
74,Cayeli,41.0923,40.7292,73.51,82,75,6.51,TR,2022-07-11 00:03:13
75,Saint-Augustin,51.226,-58.6502,56.52,68,85,8.46,CA,2022-07-11 00:03:13
76,Vila Franca Do Campo,37.7167,-25.4333,69.19,83,29,4.63,PT,2022-07-11 00:03:13
77,Khatanga,71.9667,102.5,45.72,59,82,11.36,RU,2022-07-11 00:03:13
78,Belaya Gora,68.5333,146.4167,61.61,57,100,4.85,RU,2022-07-11 00:03:14
79,Correntina,-13.3433,-44.6367,66.06,51,0,5.66,BR,2022-07-11 00:03:14
80,Necochea,-38.5473,-58.7368,49.77,69,100,10.74,AR,2022-07-11 00:03:15
81,Keti Bandar,24.1447,67.4497,82.15,86,100,18.57,PK,2022-07-11 00:03:15
82,Norman Wells,65.282,-126.8329,83.64,27,54,7.85,CA,2022-07-11 00:03:15
83,Bassano,50.7834,-112.4685,74.64,33,73,4.07,CA,2022-07-11 00:03:16
84,Kushiro,42.975,144.3747,63.55,100,75,4.61,JP,2022-07-11 00:01:30
85,Caravelas,-17.7125,-39.2481,70.03,84,19,3.29,BR,2022-07-11 00:03:16
86,Tukrah,32.5341,20.5791,76.62,63,1,12.97,LY,2022-07-11 00:03:16
87,Ola,59.5833,151.2833,80.15,78,45,4.32,RU,2022-07-11 00:03:17
88,Saint-Philippe,-21.3585,55.7679,63.21,73,44,15.7,RE,2022-07-11 00:03:17
89,Najran,17.4924,44.1277,77.85,36,100,10.47,SA,2022-07-11 00:03:17
90,Chokurdakh,70.6333,147.9167,70.0,39,92,10.18,RU,2022-07-11 00:03:18
91,Asau,46.4333,26.4,56.32,89,65,4.14,RO,2022-07-11 00:03:18
92,Ashland,40.8167,-82.2665,78.76,79,0,7.92,US,2022-07-11 00:03:18
93,Atuona,-9.8,-139.0333,77.13,79,38,16.22,PF,2022-07-11 00:03:19
94,Albany,42.6001,-73.9662,73.89,50,46,2.1,US,2022-07-11 00:00:41
95,Bara,10.3744,10.7288,73.4,83,90,4.12,NG,2022-07-11 00:03:19
96,Port Lincoln,-34.7333,135.8667,52.86,68,98,14.67,AU,2022-07-11 00:04:20
97,Murray Bridge,-35.1167,139.2667,54.12,53,98,10.98,AU,2022-07-11 00:04:20
98,Grindavik,63.8424,-22.4338,50.47,100,100,10.36,IS,2022-07-11 00:04:20
99,San Patricio,28.017,-97.5169,100.18,45,6,17.16,US,2022-07-11 00:04:20
100,Narsaq,60.9167,-46.05,52.02,82,8,3.33,GL,2022-07-11 00:04:21
101,Dingle,10.9995,122.6711,79.84,86,99,8.95,PH,2022-07-11 00:04:21
102,Arlit,18.7369,7.3853,91.94,16,7,4.47,NE,2022-07-11 00:04:21
103,Mkushi,-13.6202,29.3939,53.02,69,2,4.45,ZM,2022-07-11 00:04:22
104,Hobart,-42.8794,147.3294,51.66,79,75,14.97,AU,2022-07-11 00:03:43
105,Sidney,-33.8679,151.2073,56.32,81,75,9.22,AU,2022-07-11 00:00:27
106,Vao,-22.6667,167.4833,76.06,84,34,22.86,NC,2022-07-11 00:04:22
107,College,64.8569,-147.8028,77.2,70,75,9.22,US,2022-07-11 00:04:23
108,Makakilo City,21.3469,-158.0858,81.68,63,100,18.9,US,2022-07-11 00:01:14
109,Tiksi,71.6872,128.8694,47.3,80,37,11.56,RU,2022-07-11 00:04:23
110,Cape Town,-33.9258,18.4232,54.37,88,16,1.01,ZA,2022-07-11 00:00:04
111,Monrovia,6.3005,-10.7969,77.0,77,100,10.02,LR,2022-07-11 00:02:07
112,Taltal,-25.4,-70.4833,57.83,68,0,2.68,CL,2022-07-11 00:00:51
113,Bilasipara,26.232,90.2347,80.82,88,85,2.17,IN,2022-07-11 00:04:24
114,Kapaa,22.0752,-159.319,84.52,68,20,17.27,US,2022-07-11 00:04:24
115,Hithadhoo,-0.6,73.0833,82.27,71,100,3.56,MV,2022-07-11 00:04:25
116,Torbay,47.6666,-52.7314,60.58,71,0,1.99,CA,2022-07-11 00:01:40
117,Jakar,27.5492,90.7525,57.74,95,93,2.3,BT,2022-07-11 00:04:25
118,Barahan,13.0121,120.762,81.63,79,100,4.07,PH,2022-07-11 00:04:25
119,Geraldton,-28.7667,114.6,46.81,87,11,4.61,AU,2022-07-11 00:04:26
120,Zharkent,44.1628,80.0,70.66,39,37,3.8,KZ,2022-07-11 00:04:26
121,Seoul,37.5683,126.9778,80.04,85,100,1.77,KR,2022-07-11 00:00:37
122,Longyearbyen,78.2186,15.6401,46.24,71,75,11.5,SJ,2022-07-11 00:04:26
123,Kupang,-10.1667,123.5833,78.1,75,58,15.77,ID,2022-07-11 00:04:27
124,Yellowknife,62.456,-114.3525,59.76,93,100,5.55,CA,2022-07-11 00:04:27
125,Shangrao,28.4532,117.9686,87.71,74,88,1.23,CN,2022-07-11 00:04:00
126,Bengkulu,-3.8004,102.2655,74.52,87,85,3.89,ID,2022-07-11 00:04:27
127,Provideniya,64.3833,-173.3,55.51,82,75,8.99,RU,2022-07-11 00:04:28
128,Saryozek,44.3583,77.9753,69.13,39,74,4.29,KZ,2022-07-11 00:04:28
129,Whitehorse,60.7161,-135.0538,72.01,30,84,11.99,CA,2022-07-11 00:02:07
130,Olafsvik,64.8945,-23.7142,50.76,94,100,9.82,IS,2022-07-11 00:04:28
131,Baker City,44.7749,-117.8344,78.6,29,0,17.27,US,2022-07-11 00:04:29
132,Yanam,16.7333,82.2167,76.69,81,100,12.03,IN,2022-07-11 00:04:29
133,Fairbanks,64.8378,-147.7164,77.22,69,0,9.22,US,2022-07-11 00:04:30
134,Nikolskoye,59.7035,30.7861,57.09,98,51,3.0,RU,2022-07-11 00:04:30
135,Lasa,46.6166,10.7002,57.36,88,12,5.84,IT,2022-07-11 00:04:30
136,Bethel,41.3712,-73.414,75.29,56,0,4.61,US,2022-07-11 00:04:30
137,Port-Cartier,50.0334,-66.8654,58.75,92,100,4.36,CA,2022-07-11 00:00:25
138,Marzuq,14.4,46.4667,75.51,41,100,1.3,YE,2022-07-11 00:05:31
139,Naze,28.3667,129.4833,85.12,80,19,7.47,JP,2022-07-11 00:05:31
140,Taunggyi,20.7833,97.0333,64.45,95,88,1.59,MM,2022-07-11 00:05:32
141,Adrar,20.5022,-10.0711,96.06,9,0,7.72,MR,2022-07-11 00:05:32
142,Xuddur,4.1213,43.8894,70.45,77,100,18.14,SO,2022-07-11 00:05:32
143,Port Elizabeth,-33.918,25.5701,55.09,94,38,5.01,ZA,2022-07-11 00:05:33
144,Dalmatovo,56.26,62.9362,63.88,92,91,6.31,RU,2022-07-11 00:05:33
145,Wanning,18.8003,110.3967,82.09,89,78,8.5,CN,2022-07-11 00:05:33
146,Nantucket,41.2835,-70.0995,68.02,79,0,4.61,US,2022-07-11 00:03:11
147,Iranshahr,27.2025,60.6848,84.54,79,100,0.0,IR,2022-07-11 00:05:34
148,Manuk Mangkaw,4.8,119.85,83.19,70,97,7.38,PH,2022-07-11 00:05:34
149,Minas,-34.3759,-55.2377,62.91,92,87,0.94,UY,2022-07-11 00:05:34
150,Henties Bay,-22.116,14.2845,54.1,90,0,9.01,NA,2022-07-11 00:05:35
151,Tuatapere,-46.1333,167.6833,40.37,71,82,4.54,NZ,2022-07-11 00:05:35
152,Talnakh,69.4865,88.3972,47.21,53,36,7.78,RU,2022-07-11 00:05:35
153,Chicama,-7.8447,-79.1469,59.54,80,40,7.11,PE,2022-07-11 00:05:36
154,Thompson,55.7435,-97.8558,82.17,27,98,6.24,CA,2022-07-11 00:05:36
155,Fiumicino,41.7675,12.2291,75.63,84,0,3.44,IT,2022-07-11 00:05:36
156,Balabac,7.9868,117.0645,82.26,77,100,14.5,PH,2022-07-11 00:05:37
157,Butaritari,3.0707,172.7902,82.27,79,19,17.67,KI,2022-07-11 00:05:37
158,Cabo San Lucas,22.8909,-109.9124,99.7,31,0,17.27,MX,2022-07-11 00:05:37
159,Bulgan,48.8125,103.5347,51.46,92,100,7.11,MN,2022-07-11 00:05:38
160,Hasaki,35.7333,140.8333,84.29,80,1,6.35,JP,2022-07-11 00:05:38
161,Imeni Babushkina,59.7573,43.1285,62.94,93,68,4.97,RU,2022-07-11 00:05:38
162,Bonthe,7.5264,-12.505,76.48,84,100,8.95,SL,2022-07-11 00:05:38
163,Beloha,-25.1667,45.05,62.65,69,0,6.82,MG,2022-07-11 00:05:39
164,Port Augusta,-32.5,137.7667,50.7,48,51,12.64,AU,2022-07-11 00:05:39
165,Port Alfred,-33.5906,26.891,52.18,95,61,4.0,ZA,2022-07-11 00:05:40
166,Arraial Do Cabo,-22.9661,-42.0278,71.08,84,9,22.48,BR,2022-07-11 00:05:40
167,Villanueva,15.3167,-88.0,83.03,88,94,4.74,HN,2022-07-11 00:05:41
168,Hambantota,6.1241,81.1185,79.75,79,100,22.06,LK,2022-07-11 00:05:41
169,Warrnambool,-38.3833,142.4833,50.81,62,100,17.78,AU,2022-07-11 00:05:41
170,Kismayo,-0.3582,42.5454,75.45,78,37,19.48,SO,2022-07-11 00:05:41
171,Viedma,-40.8135,-62.9967,46.62,72,81,20.22,AR,2022-07-11 00:05:42
172,Maceio,-9.6658,-35.7353,74.21,85,29,13.4,BR,2022-07-11 00:05:42
173,Gamba,-2.65,10.0,67.87,86,20,3.85,GA,2022-07-11 00:05:42
174,Lagoa,39.05,-27.9833,66.16,81,31,5.77,PT,2022-07-11 00:05:43
175,East London,-33.0153,27.9116,60.35,66,64,15.12,ZA,2022-07-11 00:05:43
176,Takoradi,4.8845,-1.7554,74.8,85,76,7.67,GH,2022-07-11 00:01:36
177,Bluff,-46.6,168.3333,45.09,72,65,14.61,NZ,2022-07-11 00:01:11
178,Mahebourg,-20.4081,57.7,70.25,65,71,21.09,MU,2022-07-11 00:05:43
179,Bayir,37.2687,28.2167,66.72,64,0,6.17,TR,2022-07-11 00:05:44
180,Campoverde,-8.4753,-74.8058,82.09,54,70,0.92,PE,2022-07-11 00:05:44
181,Samarai,-10.6167,150.6667,82.24,68,38,10.63,PG,2022-07-11 00:05:45
182,Fortuna,40.5982,-124.1573,72.09,69,20,4.0,US,2022-07-11 00:06:45
183,Georgetown,5.4112,100.3354,80.89,90,40,0.0,MY,2022-07-11 00:04:41
184,Orichi,58.4036,49.0572,61.77,95,24,5.66,RU,2022-07-11 00:06:45
185,Northam,51.0333,-4.2167,62.38,85,3,4.7,GB,2022-07-11 00:06:46
186,Mitsamiouli,-11.3847,43.2844,74.82,71,1,7.63,KM,2022-07-11 00:06:46
187,Port Hawkesbury,45.6169,-61.3485,63.18,75,0,2.15,CA,2022-07-11 00:06:46
188,Terrace,54.5163,-128.6035,56.98,98,100,3.56,CA,2022-07-11 00:06:46
189,Chitral,35.8462,71.7858,73.89,78,24,2.89,PK,2022-07-11 00:02:13
190,Comodoro Rivadavia,-45.8667,-67.5,31.86,80,75,10.36,AR,2022-07-11 00:06:47
191,Porto Velho,-8.7619,-63.9039,79.3,61,29,2.77,BR,2022-07-11 00:06:47
192,Nur,52.6683,22.3221,49.78,95,66,7.7,PL,2022-07-11 00:06:48
193,Isangel,-19.55,169.2667,80.78,78,43,12.48,VU,2022-07-11 00:06:48
194,Nanortalik,60.1432,-45.2371,42.89,86,39,7.45,GL,2022-07-11 00:06:48
195,Hailar,49.2,119.7,70.41,38,43,9.4,CN,2022-07-11 00:06:48
196,Gayeri,12.6497,0.4931,82.24,59,91,8.37,BF,2022-07-11 00:06:49
197,Baykit,61.67,96.37,55.89,65,0,5.68,RU,2022-07-11 00:06:49
198,Kot Samaba,28.5522,70.4684,93.11,54,85,4.92,PK,2022-07-11 00:06:49
199,Bereda,43.2686,-7.5406,61.14,100,4,3.36,ES,2022-07-11 00:06:50
200,Vanimo,-2.6741,141.3028,82.63,71,97,4.59,PG,2022-07-11 00:06:50
201,Morondava,-20.2833,44.2833,65.39,67,0,6.6,MG,2022-07-11 00:06:50
202,Shimsk,58.212,30.7127,56.46,96,73,2.59,RU,2022-07-11 00:06:51
203,Souillac,-20.5167,57.5167,70.25,70,74,19.55,MU,2022-07-11 00:06:51
204,Ahuimanu,21.4447,-157.8378,89.31,63,75,17.27,US,2022-07-11 00:06:51
205,Robertsport,6.7533,-11.3686,77.67,78,99,11.99,LR,2022-07-11 00:06:51
206,Tuktoyaktuk,69.4541,-133.0374,44.15,82,72,9.44,CA,2022-07-11 00:06:52
207,Machachi,-0.5,-78.5667,53.76,95,98,2.3,EC,2022-07-11 00:06:52
208,Miri,4.4148,114.0089,76.39,84,90,4.34,MY,2022-07-11 00:06:52
209,Katangli,51.7102,143.2326,67.01,82,100,3.42,RU,2022-07-11 00:06:53
210,Guerrero Negro,27.9769,-114.0611,74.05,65,10,19.22,MX,2022-07-11 00:06:53
211,Cidreira,-30.1811,-50.2056,64.2,87,100,10.36,BR,2022-07-11 00:06:53
212,Prince George,53.9166,-122.753,63.25,71,75,13.8,CA,2022-07-11 00:03:58
213,Pindamonhangaba,-22.9239,-45.4617,61.5,70,75,1.41,BR,2022-07-11 00:06:54
214,Svetlogorsk,52.6333,29.7333,54.03,94,84,6.85,BY,2022-07-11 00:06:54
215,Hastings,50.8552,0.5729,63.79,72,12,7.65,GB,2022-07-11 00:06:54
216,Severo-Kurilsk,50.6789,156.125,61.66,78,100,3.83,RU,2022-07-11 00:06:55
217,Lukiv,51.0521,25.4006,53.29,85,96,7.07,UA,2022-07-11 00:06:55
218,Ballina,-28.8667,153.5667,59.02,87,88,10.89,AU,2022-07-11 00:06:55
219,Warmbad,-28.45,18.7333,46.81,82,35,2.42,NA,2022-07-11 00:06:56
220,Wahiawa,21.5028,-158.0236,86.32,61,100,10.36,US,2022-07-11 00:06:56
221,Santa Maria,-29.6842,-53.8069,69.57,72,100,9.48,BR,2022-07-11 00:06:56
222,Hami,42.8,93.45,81.77,20,91,9.69,CN,2022-07-11 00:06:56
223,Ferrol,43.4832,-8.2369,68.72,81,42,4.56,ES,2022-07-11 00:06:57
224,Lazurne,46.084,32.5295,71.96,63,100,12.28,UA,2022-07-11 00:06:57
225,Ukiah,39.1502,-123.2078,102.43,26,0,8.05,US,2022-07-11 00:06:57
226,Sitka,57.0531,-135.33,60.69,63,100,16.11,US,2022-07-11 00:06:58
227,Black Diamond,47.3087,-122.0032,77.58,54,98,3.0,US,2022-07-11 00:06:58
228,Bredasdorp,-34.5322,20.0403,48.94,80,46,6.13,ZA,2022-07-11 00:06:58
229,Vostok,46.4856,135.8833,71.44,80,79,1.39,RU,2022-07-11 00:06:59
230,Rafraf,37.1904,10.1837,73.71,75,0,6.82,TN,2022-07-11 00:06:59
231,Mahibadhoo,3.7833,72.9667,81.97,76,98,11.63,MV,2022-07-11 00:07:59
232,Roma,43.2128,-75.4557,75.34,55,0,4.61,US,2022-07-11 00:07:59
233,Tiznit,29.5833,-9.5,87.49,11,33,1.14,MA,2022-07-11 00:08:00
234,Cortez,37.3489,-108.5859,87.03,28,0,14.97,US,2022-07-11 00:08:00
235,Port Blair,11.6667,92.75,82.44,89,100,9.22,IN,2022-07-11 00:08:00
236,Saint-Felicien,48.6501,-72.4491,68.18,60,74,7.45,CA,2022-07-11 00:08:01
237,Sibolga,1.7427,98.7792,75.04,90,89,3.11,ID,2022-07-11 00:08:01
238,Silver City,32.7701,-108.2803,84.16,32,0,13.8,US,2022-07-11 00:08:02
239,Rawson,-43.3002,-65.1023,41.27,81,100,24.58,AR,2022-07-11 00:08:02
240,Binzhou,37.3667,118.0167,76.75,73,32,10.16,CN,2022-07-11 00:07:35
241,Buala,-8.145,159.5921,84.74,66,98,5.91,SB,2022-07-11 00:08:02
242,Bilibino,68.0546,166.4372,55.26,48,50,3.09,RU,2022-07-11 00:08:03
243,Marienburg,54.0359,19.0266,58.12,80,64,5.59,PL,2022-07-11 00:08:03
244,Nicoya,10.1483,-85.452,76.35,91,100,3.06,CR,2022-07-11 00:08:03
245,Chuy,-33.6971,-53.4616,63.32,93,12,6.46,UY,2022-07-11 00:08:04
246,Saint George,37.1041,-113.5841,107.64,11,0,13.8,US,2022-07-11 00:05:32
247,Tual,-5.6667,132.75,80.1,81,89,21.32,ID,2022-07-11 00:08:04
248,Sao Joao Da Barra,-21.6403,-41.0511,71.6,83,23,14.5,BR,2022-07-11 00:06:12
249,Pozo Colorado,-23.4923,-58.7972,88.57,32,67,12.93,PY,2022-07-11 00:08:04
250,Impfondo,1.6381,18.0667,75.34,75,97,2.66,CG,2022-07-11 00:08:05
251,Durban,-29.8579,31.0292,64.02,87,6,5.01,ZA,2022-07-11 00:08:05
252,Grenville,12.1167,-61.6167,80.65,82,100,20.36,GD,2022-07-11 00:08:05
253,Lardos,36.0942,28.0157,77.95,70,0,11.16,GR,2022-07-11 00:08:06
254,Rocha,-34.4833,-54.3333,64.38,91,97,1.19,UY,2022-07-11 00:08:06
255,Bordighera,43.7806,7.6645,76.95,81,0,1.99,IT,2022-07-11 00:08:06
256,Cayenne,4.9333,-52.3333,75.24,1,75,5.75,GF,2022-07-11 00:08:07
257,Nouadhibou,20.931,-17.0347,67.62,93,2,13.0,MR,2022-07-11 00:08:07
258,Korla,41.7597,86.1469,79.29,25,21,18.43,CN,2022-07-11 00:08:07
259,Agirish,61.9247,63.0231,60.96,65,6,4.36,RU,2022-07-11 00:08:07
260,Komsomolskiy,40.4272,71.7189,74.12,40,36,6.91,UZ,2022-07-11 00:08:08
261,Atar,20.5169,-13.0499,95.95,22,0,4.97,MR,2022-07-11 00:08:08
262,Itarema,-2.9248,-39.9167,76.82,86,64,10.18,BR,2022-07-11 00:08:09
263,Tobermory,45.2501,-81.6665,63.61,67,39,17.22,CA,2022-07-11 00:08:09
264,Touros,-5.1989,-35.4608,75.33,84,8,13.33,BR,2022-07-11 00:08:09
265,Shimoda,34.6667,138.95,81.1,78,16,4.68,JP,2022-07-11 00:05:37
266,Kahta,37.7855,38.6237,70.97,62,0,1.92,TR,2022-07-11 00:08:10
267,Yulara,-25.2406,130.9889,51.13,36,0,4.25,AU,2022-07-11 00:08:10
268,Pacific Grove,36.6177,-121.9166,79.39,81,0,8.05,US,2022-07-11 00:06:08
269,Carutapera,-1.195,-46.02,74.73,93,85,5.79,BR,2022-07-11 00:08:10
270,Dire,12.2833,-10.9667,75.88,87,63,3.4,ML,2022-07-11 00:08:11
271,Nemuro,43.3236,145.575,60.6,99,96,13.33,JP,2022-07-11 00:08:11
272,Mafinga,-7.25,35.0667,59.47,63,6,3.47,TZ,2022-07-11 00:08:11
273,Mizdah,31.4451,12.9801,70.0,74,0,10.11,LY,2022-07-11 00:09:12
274,Mehamn,71.0357,27.8492,51.75,87,40,0.0,NO,2022-07-11 00:09:12
275,Moose Factory,51.2585,-80.6094,66.18,77,40,5.75,CA,2022-07-11 00:09:12
276,Airai,-8.9266,125.4092,61.7,75,90,4.07,TL,2022-07-11 00:09:13
277,Victoria,22.2855,114.1577,88.97,79,88,8.99,HK,2022-07-11 00:09:02
278,Sungai Besar,3.6746,100.9867,76.62,88,87,3.02,MY,2022-07-11 00:09:13
279,Bathsheba,13.2167,-59.5167,83.01,89,20,20.71,BB,2022-07-11 00:09:13
280,Cherskiy,68.75,161.3,62.11,36,81,10.54,RU,2022-07-11 00:09:14
281,Vernon,50.2581,-119.2691,83.93,36,89,8.01,CA,2022-07-11 00:04:35
282,Saskylakh,71.9167,114.0833,45.03,89,100,11.79,RU,2022-07-11 00:09:14
283,Luganville,-15.5333,167.1667,84.27,70,23,9.55,VU,2022-07-11 00:09:14
284,Nogliki,51.8333,143.1667,66.38,83,100,4.47,RU,2022-07-11 00:09:15
285,Eureka,40.8021,-124.1637,72.36,69,9,7.0,US,2022-07-11 00:07:03
286,Porto Novo,6.4965,2.6036,75.11,87,85,7.25,BJ,2022-07-11 00:09:15
287,Edremit,39.5961,27.0244,67.75,64,0,9.22,TR,2022-07-11 00:09:16
288,Pangody,65.85,74.4859,53.28,84,11,11.25,RU,2022-07-11 00:09:16
289,Zambezi,-13.5432,23.1047,53.76,60,0,3.42,ZM,2022-07-11 00:09:16
290,Pisco,-13.7,-76.2167,61.02,82,40,5.75,PE,2022-07-11 00:09:17
291,Eyl,7.9803,49.8164,78.66,63,72,26.73,SO,2022-07-11 00:09:17
292,Worcester,42.3334,-71.8328,72.97,61,0,6.91,US,2022-07-11 00:09:17
293,Ambilobe,-13.2,49.05,69.75,66,43,5.46,MG,2022-07-11 00:09:18
294,Hofn,64.2539,-15.2082,50.04,95,100,13.71,IS,2022-07-11 00:09:18
295,Mount Isa,-20.7333,139.5,56.97,38,0,12.66,AU,2022-07-11 00:09:18
296,Buraydah,26.326,43.975,84.81,12,91,11.18,SA,2022-07-11 00:05:49
297,Venice,27.0998,-82.4543,87.98,72,20,10.36,US,2022-07-11 00:04:21
298,Kyra,49.5776,111.9753,50.86,96,100,3.24,RU,2022-07-11 00:09:19
299,Athens,37.9795,23.7162,77.16,55,0,3.0,GR,2022-07-11 00:05:02
300,Vila,42.0304,-8.1588,60.69,72,10,0.74,PT,2022-07-11 00:09:19
301,Myitkyina,25.3833,97.4,76.95,97,43,0.45,MM,2022-07-11 00:09:19
302,Cururupu,-1.8283,-44.8683,75.31,88,86,2.75,BR,2022-07-11 00:07:09
303,Sola,-13.8833,167.55,81.57,69,9,9.8,VU,2022-07-11 00:09:20
304,Caohe,30.2297,115.4335,87.98,78,62,6.17,CN,2022-07-11 00:09:20
305,Clyde River,70.4692,-68.5914,42.6,74,100,2.71,CA,2022-07-11 00:09:21
306,Huarmey,-10.0681,-78.1522,62.82,84,30,9.95,PE,2022-07-11 00:09:21
307,Nuuk,64.1835,-51.7216,39.81,93,75,9.22,GL,2022-07-11 00:09:21
308,Lompoc,34.6391,-120.4579,83.01,75,75,15.01,US,2022-07-11 00:09:21
309,Qostanay,53.1667,63.5833,61.09,77,0,4.47,KZ,2022-07-11 00:09:22
310,Aquiraz,-3.9014,-38.3911,78.19,82,14,11.1,BR,2022-07-11 00:09:22
311,Kedrovyy,56.1667,91.8167,66.87,96,16,4.18,RU,2022-07-11 00:09:22
312,Mae Sai,20.4335,99.8762,73.69,96,50,0.92,TH,2022-07-11 00:09:23
313,Auki,-8.7676,160.7034,84.92,65,72,2.62,SB,2022-07-11 00:09:23
314,Verkhoyansk,67.5447,133.385,63.28,68,100,4.88,RU,2022-07-11 00:09:23
315,Dawei,14.0833,98.2,76.08,98,100,7.99,MM,2022-07-11 00:09:24
316,Plettenberg Bay,-34.0527,23.3716,55.08,84,88,12.86,ZA,2022-07-11 00:09:24
317,Ozu,33.5,132.55,85.17,72,94,2.73,JP,2022-07-11 00:09:24
318,Noumea,-22.2763,166.4572,71.58,69,34,9.42,NC,2022-07-11 00:09:25
319,Skjervoy,70.0311,20.9714,51.8,85,72,4.21,NO,2022-07-11 00:09:25
320,Luderitz,-26.6481,15.1594,55.27,75,0,11.72,NA,2022-07-11 00:10:25
321,Kununurra,-15.7667,128.7333,60.78,51,7,0.0,AU,2022-07-11 00:10:26
322,Black River,18.0264,-77.8487,82.78,71,97,3.51,JM,2022-07-11 00:10:26
323,Yaring,6.8662,101.3689,77.88,87,100,7.92,TH,2022-07-11 00:10:26
324,Sumter,28.7086,-82.0831,84.02,88,63,7.99,US,2022-07-11 00:07:09
325,Kavieng,-2.5744,150.7967,83.79,72,63,13.02,PG,2022-07-11 00:10:27
326,Biak,-0.9131,122.8766,73.74,89,100,5.37,ID,2022-07-11 00:10:27
327,Port Hardy,50.6996,-127.4199,63.1,77,99,10.33,CA,2022-07-11 00:10:27
328,Maniitsoq,65.4167,-52.9,40.66,90,96,15.12,GL,2022-07-11 00:10:28
329,Sioux Lookout,50.1001,-91.917,62.67,94,75,5.75,CA,2022-07-11 00:10:28
330,Marsh Harbour,26.5412,-77.0636,83.86,72,41,8.19,BS,2022-07-11 00:10:28
331,Sungaipenuh,-2.0833,101.3833,65.19,95,100,2.39,ID,2022-07-11 00:10:29
332,Kodinsk,58.6881,99.1844,62.58,95,96,3.04,RU,2022-07-11 00:10:29
333,Mayskiy,47.6931,40.1025,80.01,59,100,3.87,RU,2022-07-11 00:10:29
334,Salinopolis,-0.6136,-47.3561,77.76,84,86,10.65,BR,2022-07-11 00:10:30
335,Upington,-28.4478,21.2561,50.13,72,80,7.49,ZA,2022-07-11 00:09:25
336,Fukue,32.6881,128.8419,79.16,100,75,6.91,JP,2022-07-11 00:10:30
337,Severouralsk,60.1533,59.952,61.03,93,53,3.67,RU,2022-07-11 00:10:30
338,Lalmohan,22.3384,90.7419,82.35,85,91,18.79,BD,2022-07-11 00:10:31
339,Alindao,5.0267,21.2088,69.58,94,99,0.45,CF,2022-07-11 00:10:31
340,Bam,29.106,58.357,88.41,13,87,3.2,IR,2022-07-11 00:10:31
341,Dong Hoi,17.4833,106.6,79.25,88,100,3.78,VN,2022-07-11 00:10:32
342,Puerto Carreno,6.189,-67.4859,78.53,86,79,4.83,CO,2022-07-11 00:10:32
343,Kaeo,-35.1,173.7833,61.32,97,100,10.85,NZ,2022-07-11 00:10:32
344,Ust-Kuyga,70.0167,135.6,71.73,41,93,1.01,RU,2022-07-11 00:10:33
345,Gizo,-8.103,156.8419,82.85,68,83,4.9,SB,2022-07-11 00:10:33
346,Kousseri,12.0769,15.0306,81.37,67,68,10.6,CM,2022-07-11 00:10:33
347,Jawa,31.8525,35.9393,63.61,87,2,8.16,JO,2022-07-11 00:10:34
348,Berdigestyakh,62.0989,126.6992,54.12,98,100,5.99,RU,2022-07-11 00:06:46
349,Juneau,58.3019,-134.4197,58.84,90,100,5.75,US,2022-07-11 00:07:16
350,Ahipara,-35.1667,173.1667,58.89,93,100,7.96,NZ,2022-07-11 00:10:34
351,Trois-Rivieres,46.3501,-72.5491,68.97,80,85,11.97,CA,2022-07-11 00:05:44
352,Saldanha,-33.0117,17.9442,54.32,77,55,2.84,ZA,2022-07-11 00:10:35
353,Sept-Iles,50.2001,-66.3821,59.05,70,99,7.74,CA,2022-07-11 00:10:35
354,Deyskoye,43.4755,44.1618,74.39,60,83,4.05,RU,2022-07-11 00:10:35
355,Saluzzo,44.6464,7.4862,76.01,88,0,3.44,IT,2022-07-11 00:10:36
356,Salalah,17.0151,54.0924,75.29,100,100,12.66,OM,2022-07-11 00:10:36
357,Colares,38.7992,-9.4469,71.76,55,0,10.0,PT,2022-07-11 00:10:36
358,Komatipoort,-25.4332,31.9548,62.35,48,0,4.63,ZA,2022-07-11 00:10:36
359,Broome,42.2506,-75.833,71.62,57,9,2.77,US,2022-07-11 00:10:37
360,Can,40.0333,27.0524,63.21,75,4,0.49,TR,2022-07-11 00:10:37
361,Salama,14.8333,-86.5833,71.76,91,91,3.06,HN,2022-07-11 00:10:37
362,Sorland,67.667,12.6934,51.66,91,60,8.75,NO,2022-07-11 00:10:38
363,Seguela,7.9611,-6.6731,69.57,90,64,3.6,CI,2022-07-11 00:10:38
364,Nieuw Amsterdam,5.8833,-55.0833,80.02,87,57,10.78,SR,2022-07-11 00:10:38
365,Puerto Escondido,15.85,-97.0667,85.03,61,40,5.75,MX,2022-07-11 00:11:39
366,Allapalli,19.4167,80.0667,74.07,95,100,7.05,IN,2022-07-11 00:11:39
367,Lake Jackson,29.0339,-95.4344,96.15,63,0,16.11,US,2022-07-11 00:11:12
368,Salta,-24.7859,-65.4117,62.58,45,100,1.99,AR,2022-07-11 00:11:39
369,Sudak,44.85,34.9667,70.57,69,85,3.49,UA,2022-07-11 00:11:40
370,Ancud,-41.8697,-73.8203,45.23,90,95,8.19,CL,2022-07-11 00:11:40
371,Iqaluit,63.7506,-68.5145,38.64,82,76,8.5,CA,2022-07-11 00:11:40
372,Harper,4.375,-7.7169,74.89,79,38,8.16,LR,2022-07-11 00:11:41
373,Lashio,22.9333,97.75,69.35,99,90,0.27,MM,2022-07-11 00:11:41
374,Storsteinnes,69.2408,19.2344,54.25,87,69,2.46,NO,2022-07-11 00:11:41
375,Eenhana,-17.4667,16.3333,55.11,39,0,7.0,NA,2022-07-11 00:11:42
376,Boden,65.8252,21.6886,59.0,95,89,4.88,SE,2022-07-11 00:11:42
377,Rapid Valley,44.0625,-103.1463,92.59,26,0,14.97,US,2022-07-11 00:11:42
378,Half Moon Bay,37.4636,-122.4286,98.55,72,0,25.32,US,2022-07-11 00:11:42
379,Namibe,-15.1961,12.1522,63.39,85,3,1.1,AO,2022-07-11 00:11:43
380,General Roca,-39.0333,-67.5833,44.62,54,84,8.41,AR,2022-07-11 00:11:43
381,Kloulklubed,7.0419,134.2556,82.9,71,84,6.69,PW,2022-07-11 00:11:43
382,Port Hedland,-20.3167,118.5667,53.65,54,2,5.75,AU,2022-07-11 00:11:44
383,Nichinan,31.6,131.3667,82.13,76,53,2.19,JP,2022-07-11 00:09:14
384,Shunyi,40.125,116.6453,76.95,78,0,2.24,CN,2022-07-11 00:11:44
385,Pyaozerskiy,65.8333,31.1667,57.6,92,100,2.89,RU,2022-07-11 00:11:45
386,Canon City,38.441,-105.2424,91.27,39,100,11.5,US,2022-07-11 00:11:39
387,Xining,36.6167,101.7667,65.25,82,98,1.12,CN,2022-07-11 00:10:52
388,Westport,41.1415,-73.3579,76.28,64,0,10.36,US,2022-07-11 00:06:55
389,Bukachacha,52.9833,116.9167,59.02,86,100,1.45,RU,2022-07-11 00:11:45
390,Pangnirtung,66.1451,-65.7125,50.05,63,91,3.6,CA,2022-07-11 00:11:45
391,Changji,44.0167,87.3167,74.19,40,0,6.71,CN,2022-07-11 00:07:42
392,Macia,-25.0269,33.0989,63.01,62,0,9.01,MZ,2022-07-11 00:11:46
393,Tajumulco,15.0833,-91.8833,59.79,94,82,1.1,GT,2022-07-11 00:11:46
394,Kruisfontein,-34.0033,24.7314,52.88,82,76,19.42,ZA,2022-07-11 00:11:46
395,Jaisalmer,26.9147,70.9181,82.98,74,100,12.21,IN,2022-07-11 00:11:47
396,Taybad,34.74,60.7756,74.68,18,0,11.63,IR,2022-07-11 00:09:12
397,Calvinia,-31.4707,19.776,45.64,92,73,5.75,ZA,2022-07-11 00:11:47
398,Blacksburg,37.2296,-80.4139,67.39,93,100,6.91,US,2022-07-11 00:11:47
399,Ust-Kulom,61.6864,53.6902,62.4,83,76,3.0,RU,2022-07-11 00:11:48
400,Mut,36.6439,33.4389,75.72,53,9,7.78,TR,2022-07-11 00:10:21
401,Kiama,-34.6833,150.8667,58.24,77,52,8.19,AU,2022-07-11 00:11:48
402,Magadan,59.5667,150.8,81.54,76,60,3.94,RU,2022-07-11 00:11:48
403,Sibu,2.3,111.8167,76.68,85,95,1.36,MY,2022-07-11 00:11:49
404,Russell,32.3502,-85.1999,87.4,70,20,0.0,US,2022-07-11 00:11:49
405,Moree,-29.4667,149.85,57.42,58,1,6.62,AU,2022-07-11 00:11:49
406,Vetlanda,57.4289,15.0776,47.28,94,11,4.45,SE,2022-07-11 00:11:50
407,Zhaodong,46.0833,125.9833,76.44,63,47,6.38,CN,2022-07-11 00:11:50
408,Birjand,32.8663,59.2211,72.03,23,0,7.16,IR,2022-07-11 00:11:51
409,Burgeo,47.6167,-57.6152,54.82,86,6,14.14,CA,2022-07-11 00:12:51
410,Mamallapuram,12.6264,80.1722,84.25,59,100,14.7,IN,2022-07-11 00:12:51
411,Rybnaya Sloboda,55.4613,50.1409,64.17,84,0,4.41,RU,2022-07-11 00:12:51
412,Lebu,-37.6167,-73.65,46.31,86,7,7.52,CL,2022-07-11 00:12:52
413,Nago,26.5881,127.9761,88.65,78,7,9.35,JP,2022-07-11 00:12:52
414,Uray,60.1247,64.7758,64.49,73,16,6.42,RU,2022-07-11 00:12:52
415,Ixtapa,20.7,-105.2,87.22,79,75,10.36,MX,2022-07-11 00:12:53
416,Bowen,-20.0167,148.2333,57.87,53,0,7.31,AU,2022-07-11 00:12:53
417,Astana,51.1801,71.446,62.55,77,40,8.95,KZ,2022-07-11 00:09:44
418,Alexandria,31.2156,29.9553,76.95,71,0,11.32,EG,2022-07-11 00:09:20
419,Toamasina,-18.1667,49.3833,67.8,84,89,10.69,MG,2022-07-11 00:12:53
420,Praia Da Vitoria,38.7333,-27.0667,66.76,76,37,6.13,PT,2022-07-11 00:12:54
421,Vestmannaeyjar,63.4427,-20.2734,51.24,94,100,13.44,IS,2022-07-11 00:12:54
422,Boa Vista,2.8197,-60.6733,77.29,83,35,3.42,BR,2022-07-11 00:12:54
423,Maarianhamina,60.0973,19.9348,44.46,100,0,1.14,AX,2022-07-11 00:12:55
424,Bull Savanna,17.8868,-77.5902,79.03,73,94,9.15,JM,2022-07-11 00:12:55
425,Pasni,25.2631,63.471,81.97,86,87,7.87,PK,2022-07-11 00:12:55
426,Tautira,-17.7333,-149.15,77.36,79,71,17.96,PF,2022-07-11 00:12:56
427,Vila Velha,-20.3297,-40.2925,67.95,94,100,2.3,BR,2022-07-11 00:12:56
428,Talcahuano,-36.7167,-73.1167,46.08,93,4,3.44,CL,2022-07-11 00:12:56
429,Acapulco,16.8634,-99.8901,85.82,74,75,12.66,MX,2022-07-11 00:12:56
430,Oyama,36.3,139.8,86.59,54,26,1.86,JP,2022-07-11 00:12:57
431,Namatanai,-3.6667,152.4333,83.77,70,67,7.0,PG,2022-07-11 00:12:57
432,Kamenka,51.3223,42.7678,72.73,49,38,16.46,RU,2022-07-11 00:12:57
433,Yar-Sale,66.8333,70.8333,50.22,79,15,11.12,RU,2022-07-11 00:12:58
434,Puerto Del Rosario,28.5004,-13.8627,80.35,54,0,13.8,ES,2022-07-11 00:12:58
435,Azanka,58.0401,64.7893,65.48,83,99,4.68,RU,2022-07-11 00:12:58
436,Puerto Leguizamo,-0.1934,-74.7819,71.8,95,98,0.54,CO,2022-07-11 00:12:59
437,Taoudenni,22.6783,-3.9836,99.59,9,1,11.83,ML,2022-07-11 00:12:59
438,Kattivakkam,13.2167,80.3167,84.29,75,98,11.79,IN,2022-07-11 00:12:59
439,Crestview,30.7621,-86.5705,84.9,78,0,11.5,US,2022-07-11 00:13:00
440,Bend,44.0582,-121.3153,84.15,29,0,4.0,US,2022-07-11 00:12:08
441,Gangapur,26.4833,76.7167,83.08,68,32,4.94,IN,2022-07-11 00:13:00
442,Pithoragarh,29.5833,80.2167,63.63,94,94,3.0,IN,2022-07-11 00:13:00
443,Akdepe,42.0551,59.3788,74.34,47,0,9.62,TM,2022-07-11 00:13:01
444,Son La,21.3167,103.9,71.94,96,43,1.14,VN,2022-07-11 00:13:01
445,Kankakee,41.15,-87.8667,82.11,55,0,5.75,US,2022-07-11 00:13:01
446,Nuevitas,21.5453,-77.2644,79.61,84,100,5.93,CU,2022-07-11 00:13:02
447,Tarabha,20.7333,83.65,79.81,88,94,2.71,IN,2022-07-11 00:13:02
448,Mocuba,-16.8392,36.9856,60.98,96,7,1.77,MZ,2022-07-11 00:13:02
449,Palmer,42.1584,-72.3287,75.81,56,6,4.07,US,2022-07-11 00:13:03
450,Mogadishu,2.0371,45.3438,75.4,83,49,18.45,SO,2022-07-11 00:11:39
451,Trinidad,-14.8333,-64.9,79.72,51,21,4.23,BO,2022-07-11 00:13:03
452,Qarchi Gak,37.04,66.7889,78.73,20,0,15.37,AF,2022-07-11 00:13:03
453,Kibondo,-3.5864,30.7203,61.27,48,30,2.8,TZ,2022-07-11 00:13:04
454,Turayf,31.6725,38.6637,71.33,52,0,13.13,SA,2022-07-11 00:13:04
455,Cosmopolis,-22.6458,-47.1961,68.88,59,15,5.77,BR,2022-07-11 00:13:04
456,Buenos Aires,-34.6132,-58.3772,59.95,77,0,8.05,AR,2022-07-11 00:09:02
457,Karratha,-20.7377,116.8463,64.83,28,0,10.02,AU,2022-07-11 00:14:05
458,Tabuleiro Do Norte,-5.2467,-38.1306,79.74,64,86,10.31,BR,2022-07-11 00:14:05
459,Grand-Santi,4.25,-54.3833,72.84,98,59,2.35,GF,2022-07-11 00:14:06
460,Novocheremshansk,54.3571,50.1666,63.23,87,61,4.03,RU,2022-07-11 00:14:06
461,Lake Charles,30.2131,-93.2044,89.6,75,0,12.66,US,2022-07-11 00:14:06
462,La Maddalena,41.2142,9.4083,66.25,60,0,5.57,IT,2022-07-11 00:14:07
463,Opuwo,-18.0607,13.84,56.14,43,0,6.29,NA,2022-07-11 00:14:07
464,Los Llanos De Aridane,28.6585,-17.9182,77.13,63,0,18.41,ES,2022-07-11 00:14:07
465,Premia De Mar,41.4921,2.3652,79.72,60,0,3.0,ES,2022-07-11 00:14:08
466,Wencheng,33.0559,113.7978,77.68,81,96,6.22,CN,2022-07-11 00:14:08
467,Sao Jose Da Coroa Grande,-8.8978,-35.1478,74.53,81,9,11.45,BR,2022-07-11 00:14:08
468,Minab,27.1467,57.0801,88.54,63,100,3.8,IR,2022-07-11 00:14:09
469,Mgandu,-5.95,34.1333,55.2,70,3,8.61,TZ,2022-07-11 00:14:09
470,Palestine,31.9216,35.2033,67.42,93,49,10.29,PS,2022-07-11 00:13:01
471,Kon Tum,14.35,108.0,71.85,98,100,1.1,VN,2022-07-11 00:14:09
472,Tokur,53.1333,132.9,68.11,61,73,3.96,RU,2022-07-11 00:14:10
473,Hede,33.7681,120.2517,82.98,86,75,4.97,CN,2022-07-11 00:14:10
474,Jutai,-5.1833,-68.9,73.33,96,82,1.57,BR,2022-07-11 00:14:11
475,Kemijarvi,66.7131,27.4306,53.92,93,91,1.5,FI,2022-07-11 00:14:11
476,Sulangan,11.1373,123.7228,81.93,79,100,6.42,PH,2022-07-11 00:14:11
477,Coos Bay,43.3665,-124.2179,81.99,74,0,28.77,US,2022-07-11 00:14:12
478,Tocopilla,-22.092,-70.1979,59.49,76,100,5.06,CL,2022-07-11 00:11:53
479,Santa Cruz,-17.8,-63.1667,80.06,65,52,17.27,BO,2022-07-11 00:14:12
480,San Joaquin,37.9333,-121.3011,101.53,18,0,9.35,US,2022-07-11 00:14:12
481,Tinskoy,56.1525,96.9161,63.55,75,85,5.99,RU,2022-07-11 00:14:13
482,Marshfield,44.6689,-90.1718,72.28,88,100,5.75,US,2022-07-11 00:14:13
483,Taitung,22.7583,121.1444,84.47,54,20,4.61,TW,2022-07-11 00:14:13
484,Puerto El Triunfo,13.2833,-88.55,82.42,75,87,6.44,SV,2022-07-11 00:14:14
485,Moyuta,14.0386,-90.0808,67.14,90,78,3.6,GT,2022-07-11 00:14:14
486,Margate,51.3813,1.3862,66.69,82,30,5.77,GB,2022-07-11 00:14:14
487,Naryan-Mar,67.6713,53.087,50.94,82,97,6.13,RU,2022-07-11 00:14:15
488,Vardo,70.3705,31.1107,48.18,100,100,9.22,NO,2022-07-11 00:14:15
489,Pemangkat,1.1667,108.9667,78.33,82,99,4.21,ID,2022-07-11 00:14:15
490,Barreiras,-12.1528,-44.99,68.72,44,0,2.86,BR,2022-07-11 00:14:16
491,Saint Leonard,47.173,-67.9247,71.01,74,8,5.21,CA,2022-07-11 00:14:16
492,Lahat,-3.8,103.5333,71.83,85,81,2.21,ID,2022-07-11 00:14:16
493,Killorglin,52.1,-9.7833,58.03,94,20,4.07,IE,2022-07-11 00:14:17
494,Alpinopolis,-20.8636,-46.3881,60.15,61,4,3.13,BR,2022-07-11 00:14:17
495,Uyemskiy,64.4743,40.8524,66.25,77,40,2.24,RU,2022-07-11 00:14:17
496,Botevgrad,42.9,23.7833,59.18,73,51,4.79,BG,2022-07-11 00:14:18
497,Kamaishi,39.2667,141.8833,77.2,83,65,5.01,JP,2022-07-11 00:14:18
498,Panaba,21.2833,-88.2667,78.39,82,71,3.94,MX,2022-07-11 00:14:18
499,Raisen,23.3333,77.8,77.11,85,81,8.59,IN,2022-07-11 00:14:19
500,Nurlat,54.4277,50.8051,63.27,88,12,4.29,RU,2022-07-11 00:14:19
501,Japura,-0.3167,102.35,73.72,97,94,1.43,ID,2022-07-11 00:15:19
502,Mantua,45.1667,10.7833,76.24,70,12,7.0,IT,2022-07-11 00:15:20
503,Luzino,54.9481,73.0353,69.57,68,40,6.71,RU,2022-07-11 00:15:20
504,Sidi Ali,36.0998,0.4206,76.3,49,0,3.78,DZ,2022-07-11 00:15:20
505,Ust-Ishim,57.6935,71.1665,65.23,92,85,4.14,RU,2022-07-11 00:15:21
506,Villazon,-22.0866,-65.5942,44.31,16,28,7.05,BO,2022-07-11 00:15:21
507,Katherine,-14.4667,132.2667,62.92,51,16,10.36,AU,2022-07-11 00:15:22
508,Oia,40.5426,-8.5386,65.39,83,0,1.99,PT,2022-07-11 00:15:22
509,Flinders,-34.5833,150.8552,58.05,78,40,5.01,AU,2022-07-11 00:15:22
510,Aklavik,68.2191,-135.0107,80.19,37,55,9.51,CA,2022-07-11 00:15:23
511,Kulhudhuffushi,6.6221,73.07,81.79,79,100,16.15,MV,2022-07-11 00:15:23
512,Lahaina,20.8783,-156.6825,86.0,80,49,12.3,US,2022-07-11 00:15:23
513,Alcudia,39.8532,3.1214,76.37,65,0,8.52,ES,2022-07-11 00:15:24
514,Gergebil,42.5047,47.0661,65.71,56,1,5.21,RU,2022-07-11 00:15:24
515,Chernyshevskiy,63.0128,112.4714,68.72,39,20,4.5,RU,2022-07-11 00:15:24
516,Chimbote,-9.0853,-78.5783,62.78,83,58,10.69,PE,2022-07-11 00:14:45
517,Peniche,39.3558,-9.3811,65.28,88,1,12.15,PT,2022-07-11 00:15:25
518,Mount Gambier,-37.8333,140.7667,49.5,61,100,10.78,AU,2022-07-11 00:15:25
519,Roquetas De Mar,36.7642,-2.6148,79.61,74,0,4.18,ES,2022-07-11 00:15:25
520,Rovaniemi,66.5,25.7167,56.61,100,99,3.44,FI,2022-07-11 00:15:26
521,Cranbourne,-38.1,145.2833,55.98,67,100,7.0,AU,2022-07-11 00:15:04
522,Along,28.1667,94.7667,75.63,97,98,1.43,IN,2022-07-11 00:15:26
523,Sao Filipe,14.8961,-24.4956,73.94,84,14,6.29,CV,2022-07-11 00:15:27
524,Bundaberg,-24.85,152.35,63.21,55,0,5.99,AU,2022-07-11 00:15:27
525,Am Timan,11.0297,20.2827,77.58,73,100,10.36,TD,2022-07-11 00:15:27
526,Washougal,45.5826,-122.3534,82.49,50,0,8.05,US,2022-07-11 00:12:26
527,Sao Gabriel Da Cachoeira,-0.1303,-67.0892,72.52,98,58,1.43,BR,2022-07-11 00:15:28
528,Richards Bay,-28.783,32.0377,62.82,47,0,5.17,ZA,2022-07-11 00:15:28
529,Zhuhai,22.2769,113.5678,87.85,89,20,5.75,CN,2022-07-11 00:15:28
530,Linqiong,30.4159,103.4609,84.02,84,100,1.48,CN,2022-07-11 00:15:28
531,Olinda,-8.0089,-34.8553,76.19,75,33,12.33,BR,2022-07-11 00:11:38
532,Mackay,-21.15,149.2,57.29,60,0,6.42,AU,2022-07-11 00:15:29
533,Kutum,14.2,24.6667,82.22,38,99,7.94,SD,2022-07-11 00:15:29
534,Dapaong,10.8639,0.205,76.37,76,94,6.87,TG,2022-07-11 00:15:30
535,Muros,42.7762,-9.0603,63.09,94,15,2.42,ES,2022-07-11 00:15:30
536,Huanren,41.2647,125.3667,73.17,81,64,1.61,CN,2022-07-11 00:15:30
537,Avera,33.194,-82.5271,82.38,72,96,7.78,US,2022-07-11 00:15:30
538,North Bend,43.4065,-124.2243,81.91,74,0,28.77,US,2022-07-11 00:11:38
539,Kidal,18.4411,1.4078,94.12,16,30,7.38,ML,2022-07-11 00:15:31
540,Lavumisa,-27.31,31.892,60.91,47,0,4.88,SZ,2022-07-11 00:15:31
541,Trincomalee,8.5711,81.2335,81.64,75,95,20.29,LK,2022-07-11 00:15:32
542,Rio Grande,-32.035,-52.0986,67.95,88,92,12.03,BR,2022-07-11 00:15:32
543,Gobabis,-22.45,18.9667,43.34,34,0,8.75,NA,2022-07-11 00:15:32
544,Soyo,-6.1349,12.3689,70.25,89,19,5.06,AO,2022-07-11 00:15:32
545,Rabo De Peixe,37.8,-25.5833,68.27,74,75,8.05,PT,2022-07-11 00:15:33
546,Atikokan,48.7555,-91.6216,75.06,82,87,3.96,CA,2022-07-11 00:16:33
547,Sangar,63.9242,127.4739,55.4,98,100,4.5,RU,2022-07-11 00:16:34
548,Solnechnyy,50.7214,136.6319,78.15,54,40,3.67,RU,2022-07-11 00:16:34
549,Te Anau,-45.4167,167.7167,36.79,74,100,0.96,NZ,2022-07-11 00:16:34
550,Haines Junction,60.7522,-137.5108,70.63,32,99,3.27,CA,2022-07-11 00:16:34
551,Srednekolymsk,67.45,153.6833,74.17,37,36,11.9,RU,2022-07-11 00:16:35
