City_ID,City,Country,Date,Lat,Lng,Max Temp,Humidity,Cloudiness,Wind Speed,Current Description
0,Ushuaia,AR,2022-07-13 15:29:26,-54.8,-68.3,37.06,75,75,13.8,broken clouds
1,Hobart,AU,2022-07-13 15:29:26,-42.8794,147.3294,37.27,94,21,9.22,few clouds
2,Kudahuvadhoo,MV,2022-07-13 15:29:28,2.6708,72.8944,83.01,73,9,11.5,clear sky
3,Bluff,NZ,2022-07-13 15:29:28,-46.6,168.3333,42.8,79,100,15.66,overcast clouds
4,Mount Isa,AU,2022-07-13 15:29:28,-20.7333,139.5,49.77,50,0,8.05,clear sky
5,Vaitape,PF,2022-07-13 15:28:54,-16.5167,-151.75,77.45,76,4,16.17,light rain
6,Yellowknife,CA,2022-07-13 15:25:03,62.456,-114.3525,66.72,59,40,4.0,scattered clouds
7,Oriximina,BR,2022-07-13 15:29:29,-1.7656,-55.8661,85.8,65,80,3.76,broken clouds
8,Hermanus,ZA,2022-07-13 15:29:29,-34.4187,19.2345,60.8,76,70,23.02,broken clouds
9,Takab,IR,2022-07-13 15:29:29,36.4009,47.1133,91.99,13,4,17.85,clear sky
10,Ucluelet,CA,2022-07-13 15:29:29,48.9329,-125.5528,56.08,92,2,5.26,clear sky
11,Nong Khai,TH,2022-07-13 15:29:30,17.9167,103.0833,77.29,91,100,7.49,heavy intensity rain
12,Georgetown,MY,2022-07-13 15:26:14,5.4112,100.3354,82.89,87,20,2.3,moderate rain
13,Port Hedland,AU,2022-07-13 15:29:30,-20.3167,118.5667,57.25,67,2,6.91,clear sky
14,Rikitea,PF,2022-07-13 15:29:30,-23.1203,-134.9692,71.74,83,36,8.25,light rain
15,Bredasdorp,ZA,2022-07-13 15:29:29,-34.5322,20.0403,59.58,64,44,20.49,scattered clouds
16,Nikolskoye,RU,2022-07-13 15:29:31,59.7035,30.7861,78.87,39,6,8.48,clear sky
17,Saint-Philippe,RE,2022-07-13 15:29:12,-21.3585,55.7679,69.39,81,51,14.5,light rain
18,Mataura,NZ,2022-07-13 15:29:31,-46.1927,168.8643,42.48,98,100,5.5,light rain
19,Mangit,UZ,2022-07-13 15:29:32,40.5971,70.9607,87.62,21,21,5.26,few clouds
20,Puerto Ayora,EC,2022-07-13 15:29:32,-0.7393,-90.3518,75.16,83,41,3.0,scattered clouds
21,Norman Wells,CA,2022-07-13 15:29:32,65.282,-126.8329,53.64,87,100,12.66,overcast clouds
22,Vardo,NO,2022-07-13 15:29:32,70.3705,31.1107,51.78,100,100,9.22,fog
23,Port Hawkesbury,CA,2022-07-13 15:29:33,45.6169,-61.3485,76.91,76,20,12.66,few clouds
24,Chernyshevskiy,RU,2022-07-13 15:29:33,63.0128,112.4714,47.43,76,33,4.54,scattered clouds
25,Punta Arenas,CL,2022-07-13 15:29:33,-53.15,-70.9167,39.31,81,75,21.85,light rain
26,Longyearbyen,SJ,2022-07-13 15:29:34,78.2186,15.6401,48.04,93,75,3.44,broken clouds
27,Severo-Kurilsk,RU,2022-07-13 15:29:34,50.6789,156.125,53.33,96,94,1.05,overcast clouds
28,Saint-Joseph,RE,2022-07-13 15:29:34,-21.3667,55.6167,68.38,78,40,14.14,light rain
29,Gilbues,BR,2022-07-13 15:29:35,-9.8317,-45.3439,89.98,32,6,10.11,clear sky
30,Yerbogachen,RU,2022-07-13 15:29:35,61.2767,108.0108,53.69,58,99,4.34,overcast clouds
31,Hervey Bay,AU,2022-07-13 15:29:35,-25.2986,152.8535,53.94,60,0,17.52,clear sky
32,Albany,US,2022-07-13 15:25:40,42.6001,-73.9662,79.57,55,1,6.91,clear sky
33,Tiznit,MA,2022-07-13 15:29:36,29.5833,-9.5,100.36,16,8,2.73,clear sky
34,Sembe,CG,2022-07-13 15:29:36,1.6481,14.5806,81.66,67,65,4.76,light rain
35,Sao Jose Da Coroa Grande,BR,2022-07-13 15:29:36,-8.8978,-35.1478,79.25,76,93,14.99,overcast clouds
36,Alofi,NU,2022-07-13 15:29:37,-19.0595,-169.9187,75.09,83,100,8.05,overcast clouds
37,Chumikan,RU,2022-07-13 15:29:38,54.7183,135.315,53.06,99,100,5.82,overcast clouds
38,Port Alfred,ZA,2022-07-13 15:29:38,-33.5906,26.891,59.18,83,8,3.0,clear sky
39,Isangel,VU,2022-07-13 15:29:38,-19.55,169.2667,77.11,88,7,6.91,clear sky
40,Port Elizabeth,ZA,2022-07-13 15:29:39,-33.918,25.5701,59.09,84,0,13.8,clear sky
41,Lebu,CL,2022-07-13 15:29:39,-37.6167,-73.65,45.66,85,100,3.85,overcast clouds
42,Castro,BR,2022-07-13 15:28:59,-24.7911,-50.0119,57.04,90,100,8.52,overcast clouds
43,Sitka,US,2022-07-13 15:29:39,57.0531,-135.33,55.29,76,75,4.61,broken clouds
44,New Norfolk,AU,2022-07-13 15:29:40,-42.7826,147.0587,36.91,84,14,2.62,few clouds
45,Souillac,MU,2022-07-13 15:29:40,-20.5167,57.5167,70.18,73,75,11.5,light rain
46,Iquique,CL,2022-07-13 15:29:40,-20.2208,-70.1431,60.84,71,78,3.51,broken clouds
47,Hovd,MN,2022-07-13 15:29:41,48.0056,91.6419,57.76,64,100,5.06,overcast clouds
48,Hasaki,JP,2022-07-13 15:29:41,35.7333,140.8333,73.8,93,100,7.47,overcast clouds
49,Qaanaaq,GL,2022-07-13 15:29:41,77.484,-69.3632,38.64,94,100,2.1,light rain
50,Ratnagiri,IN,2022-07-13 15:29:42,16.9833,73.3,77.79,86,100,17.74,light rain
51,Margate,GB,2022-07-13 15:26:17,51.3813,1.3862,76.1,75,100,3.0,overcast clouds
52,Kodiak,US,2022-07-13 15:29:42,57.79,-152.4072,53.11,94,100,6.91,light rain
53,Mar Del Plata,AR,2022-07-13 15:25:34,-38.0023,-57.5575,53.94,63,0,24.16,clear sky
54,Along,IN,2022-07-13 15:29:42,28.1667,94.7667,78.15,89,98,1.92,overcast clouds
55,Bambanglipuro,ID,2022-07-13 15:29:43,-7.95,110.2833,75.34,92,88,8.72,overcast clouds
56,Mezen,RU,2022-07-13 15:29:43,65.8522,44.24,77.83,57,85,3.87,overcast clouds
57,Mareeba,AU,2022-07-13 15:29:43,-17.0,145.4333,54.45,63,4,3.27,clear sky
58,Busselton,AU,2022-07-13 15:29:44,-33.65,115.3333,56.26,75,3,3.42,clear sky
59,Faanui,PF,2022-07-13 15:29:44,-16.4833,-151.75,77.52,76,6,15.97,light rain
60,Kahului,US,2022-07-13 15:29:44,20.8947,-156.47,76.84,91,100,11.99,light rain
61,Hambantota,LK,2022-07-13 15:29:45,6.1241,81.1185,80.94,83,20,9.22,few clouds
62,Petatlan,MX,2022-07-13 15:29:45,17.5167,-101.2667,76.8,67,80,2.64,broken clouds
63,Sete,FR,2022-07-13 15:29:45,43.4018,3.6966,84.87,56,1,10.11,clear sky
64,Akdagmadeni,TR,2022-07-13 15:29:46,39.6603,35.8836,70.12,49,0,14.47,clear sky
65,Vega De Alatorre,MX,2022-07-13 15:29:46,20.0333,-96.6333,85.1,65,77,3.42,broken clouds
66,Kondinskoye,RU,2022-07-13 15:29:46,59.6481,67.41,76.48,64,42,2.84,scattered clouds
67,Itarema,BR,2022-07-13 15:29:46,-2.9248,-39.9167,86.85,56,40,15.19,scattered clouds
68,Marcavelica,PE,2022-07-13 15:29:47,-4.8778,-80.7053,69.84,64,80,6.4,broken clouds
69,Ballina,AU,2022-07-13 15:29:47,-28.8667,153.5667,50.02,70,1,13.67,clear sky
70,Barrow,US,2022-07-13 15:29:47,71.2906,-156.7887,37.42,87,100,8.05,light rain
71,Luau,AO,2022-07-13 15:29:48,-10.7073,22.2247,83.62,18,0,4.34,clear sky
72,Sambava,MG,2022-07-13 15:29:48,-14.2667,50.1667,72.54,80,48,15.95,light rain
73,Tasiilaq,GL,2022-07-13 15:29:48,65.6145,-37.6368,51.96,80,20,4.45,few clouds
74,Gat,IL,2022-07-13 15:27:00,31.61,34.7642,85.78,100,0,13.04,clear sky
75,Paamiut,GL,2022-07-13 15:29:49,61.994,-49.6678,43.02,85,58,16.8,broken clouds
76,Prainha,BR,2022-07-13 15:29:49,-1.8,-53.48,87.67,54,78,4.12,broken clouds
77,Hithadhoo,MV,2022-07-13 15:29:30,-0.6,73.0833,83.68,73,95,14.99,overcast clouds
78,Ranot,TH,2022-07-13 15:29:49,7.7777,100.3213,80.83,81,100,10.07,overcast clouds
79,Lagoa,PT,2022-07-13 15:29:50,39.05,-27.9833,69.3,93,100,14.32,overcast clouds
80,Kavieng,PG,2022-07-13 15:29:50,-2.5744,150.7967,81.48,76,100,7.05,light rain
81,Avarua,CK,2022-07-13 15:29:50,-21.2078,-159.775,73.45,64,75,6.91,broken clouds
82,Sukabumi,ID,2022-07-13 15:29:51,-6.9181,106.9267,69.89,97,99,2.21,light rain
83,Prado,BR,2022-07-13 15:29:51,-17.3411,-39.2208,78.55,60,7,7.61,clear sky
84,High Level,CA,2022-07-13 15:29:51,58.5169,-117.136,62.71,63,40,5.75,scattered clouds
85,Kayes,ML,2022-07-13 15:29:52,14.0,-11.0,92.84,46,44,6.6,scattered clouds
86,Charters Towers,AU,2022-07-13 15:29:52,-20.1,146.2667,49.64,50,0,11.72,clear sky
87,Shakiso,ET,2022-07-13 15:29:52,5.75,38.9167,66.85,64,96,2.86,overcast clouds
88,Carauari,BR,2022-07-13 15:29:52,-4.8828,-66.8958,88.32,57,74,2.24,broken clouds
89,Srednekolymsk,RU,2022-07-13 15:29:19,67.45,153.6833,58.82,62,100,11.65,overcast clouds
90,Cape Town,ZA,2022-07-13 15:27:38,-33.9258,18.4232,57.61,88,75,20.71,moderate rain
91,Imeni Zhelyabova,RU,2022-07-13 15:29:53,58.9544,36.5956,73.72,51,73,5.03,broken clouds
92,Jumla,NP,2022-07-13 15:29:53,29.2747,82.1838,64.56,93,100,4.23,overcast clouds
93,Kiama,AU,2022-07-13 15:29:53,-34.6833,150.8667,53.38,67,93,7.0,overcast clouds
94,Nouadhibou,MR,2022-07-13 15:29:54,20.931,-17.0347,75.18,73,12,23.02,sand
95,East London,ZA,2022-07-13 15:28:54,-33.0153,27.9116,63.54,63,0,3.44,clear sky
96,Mahebourg,MU,2022-07-13 15:29:54,-20.4081,57.7,71.26,73,75,11.5,broken clouds
97,Talnakh,RU,2022-07-13 15:29:26,69.4865,88.3972,51.21,56,99,3.8,overcast clouds
98,Kemi,FI,2022-07-13 15:29:54,65.8596,24.8228,67.77,73,100,3.44,light intensity shower rain
99,Kapaa,US,2022-07-13 15:25:29,22.0752,-159.319,77.32,88,100,20.71,light rain
100,At-Bashi,KG,2022-07-13 15:29:55,41.1702,75.8106,57.06,60,92,4.0,overcast clouds
101,Kuryk,KZ,2022-07-13 15:29:55,43.2,51.65,96.44,20,4,8.03,clear sky
102,Vaini,TO,2022-07-13 15:29:55,-21.2,-175.2,75.36,94,75,10.36,broken clouds
103,Pilar,BR,2022-07-13 15:29:56,-9.5972,-35.9567,78.73,82,96,11.81,overcast clouds
104,Gerash,IR,2022-07-13 15:29:56,27.6652,54.1371,102.34,7,19,11.92,few clouds
105,San Quintin,MX,2022-07-13 15:29:56,30.4833,-115.95,66.25,80,100,10.04,overcast clouds
106,Brigantine,US,2022-07-13 15:29:57,39.4101,-74.3646,90.19,65,0,0.0,clear sky
107,Richards Bay,ZA,2022-07-13 15:29:57,-28.783,32.0377,69.31,70,0,4.99,clear sky
108,Adrar,MR,2022-07-13 15:29:57,20.5022,-10.0711,107.15,11,8,3.91,clear sky
109,Kendari,ID,2022-07-13 15:29:58,-3.945,122.4989,75.34,83,41,4.76,scattered clouds
110,Ponta Do Sol,PT,2022-07-13 15:29:58,32.6667,-17.1,77.0,66,1,6.24,clear sky
111,Saskylakh,RU,2022-07-13 15:29:58,71.9167,114.0833,46.26,62,100,11.45,overcast clouds
112,Athens,GR,2022-07-13 15:25:38,37.9795,23.7162,86.13,37,20,10.36,few clouds
113,Thompson,CA,2022-07-13 15:29:49,55.7435,-97.8558,71.76,56,40,6.91,scattered clouds
114,Ilulissat,GL,2022-07-13 15:29:59,69.2167,-51.1,44.62,81,75,5.75,broken clouds
115,Sao Filipe,CV,2022-07-13 15:29:59,14.8961,-24.4956,76.37,79,75,9.37,broken clouds
116,Mendi,PG,2022-07-13 15:29:59,-6.1761,143.6513,56.66,99,99,1.23,overcast clouds
117,Bonavista,CA,2022-07-13 15:30:00,48.6499,-53.1147,61.47,83,100,16.13,overcast clouds
118,Chokurdakh,RU,2022-07-13 15:30:00,70.6333,147.9167,38.23,92,100,11.81,overcast clouds
119,Victoria,HK,2022-07-13 15:26:05,22.2855,114.1577,89.19,78,0,5.99,clear sky
120,Dikson,RU,2022-07-13 15:30:00,73.5069,80.5464,40.87,81,4,14.03,clear sky
121,Atyrau,KZ,2022-07-13 15:30:01,47.1167,51.8833,98.62,19,0,11.18,clear sky
122,Butaritari,KI,2022-07-13 15:30:01,3.0707,172.7902,82.09,79,86,17.52,light rain
123,Imeni Poliny Osipenko,RU,2022-07-13 15:30:02,52.4201,136.4853,62.24,98,44,7.4,light rain
124,Kathu,TH,2022-07-13 15:30:02,7.9178,98.3332,83.7,99,100,15.01,overcast clouds
125,Macon,US,2022-07-13 15:29:10,39.8667,-88.9668,82.45,54,0,11.5,clear sky
126,Tiksi,RU,2022-07-13 15:29:07,71.6872,128.8694,34.66,96,100,5.12,overcast clouds
127,Codrington,AU,2022-07-13 15:30:03,-38.2667,141.9667,48.18,73,85,4.09,overcast clouds
128,Pangnirtung,CA,2022-07-13 15:30:04,66.1451,-65.7125,44.6,93,75,12.66,broken clouds
129,Ozernovskiy,RU,2022-07-13 15:30:04,51.5,156.5167,52.07,99,100,3.62,overcast clouds
130,Clarence Town,AU,2022-07-13 15:30:05,-32.5833,151.7833,51.98,88,100,9.17,light rain
131,Mamonovo,RU,2022-07-13 15:30:05,54.4643,19.938,67.93,77,64,15.26,broken clouds
132,Porvoo,FI,2022-07-13 15:30:05,60.3923,25.6651,72.1,76,44,9.19,scattered clouds
133,Ternate,ID,2022-07-13 15:30:06,0.8,127.4,80.26,80,92,2.93,light rain
134,Vagay,RU,2022-07-13 15:30:06,57.9375,69.0217,71.49,69,98,4.27,overcast clouds
135,Jamestown,US,2022-07-13 15:30:06,42.097,-79.2353,76.01,64,75,8.05,broken clouds
136,Torbay,CA,2022-07-13 15:30:07,47.6666,-52.7314,72.28,78,75,12.66,broken clouds
137,La Roche-Sur-Yon,FR,2022-07-13 15:30:07,46.6667,-1.4333,97.07,16,0,5.75,clear sky
138,Cherskiy,RU,2022-07-13 15:30:08,68.75,161.3,39.87,74,16,10.98,few clouds
139,Coolum Beach,AU,2022-07-13 15:30:08,-26.5333,153.1,53.11,67,0,15.73,clear sky
140,Pa Daet,TH,2022-07-13 15:30:08,19.5049,99.9924,76.15,93,100,2.39,overcast clouds
141,Miles City,US,2022-07-13 15:30:09,46.4083,-105.8406,76.17,53,0,18.41,clear sky
142,Krasnogvardeyets,RU,2022-07-13 15:30:10,52.6804,52.3635,81.0,59,34,8.37,scattered clouds
143,Muravlenko,RU,2022-07-13 15:30:10,63.7898,74.523,62.13,46,100,3.74,overcast clouds
144,Grindavik,IS,2022-07-13 15:30:11,63.8424,-22.4338,51.75,76,75,16.11,broken clouds
145,Banda Aceh,ID,2022-07-13 15:30:11,5.5577,95.3222,80.28,83,100,9.17,overcast clouds
146,Petropavlovsk-Kamchatskiy,RU,2022-07-13 15:30:12,53.0452,158.6483,55.99,100,100,4.47,overcast clouds
147,Utete,TZ,2022-07-13 15:30:13,-7.986,38.758,76.53,65,67,9.73,broken clouds
148,Leningradskiy,RU,2022-07-13 15:30:13,69.3833,178.4167,37.56,80,100,5.99,overcast clouds
149,Ribeira Grande,PT,2022-07-13 15:30:08,38.5167,-28.7,81.0,61,20,12.66,few clouds
150,Atuona,PF,2022-07-13 15:30:14,-9.8,-139.0333,77.97,72,48,19.89,scattered clouds
151,La Cruz,MX,2022-07-13 15:30:14,23.9167,-106.9,85.24,72,89,4.34,overcast clouds
152,Kaitangata,NZ,2022-07-13 15:29:13,-46.2817,169.8464,43.16,95,100,11.77,overcast clouds
153,Khatanga,RU,2022-07-13 15:30:15,71.9667,102.5,43.57,80,100,6.49,overcast clouds
154,Kampot,KH,2022-07-13 15:30:15,10.6167,104.1833,78.85,84,100,10.49,overcast clouds
155,Asadabad,IR,2022-07-13 15:30:16,34.7824,48.1185,93.15,13,32,10.96,scattered clouds
156,Bethel,US,2022-07-13 15:30:16,41.3712,-73.414,85.19,55,0,3.44,clear sky
157,Dong Hoi,VN,2022-07-13 15:30:16,17.4833,106.6,79.5,88,89,3.53,light rain
158,Boende,CD,2022-07-13 15:30:17,-0.2167,20.8667,86.58,44,90,2.84,overcast clouds
159,Narsaq,GL,2022-07-13 15:30:18,60.9167,-46.05,57.42,60,97,7.05,overcast clouds
160,Xinzhou,CN,2022-07-13 15:30:18,38.4092,112.7333,75.88,63,1,1.36,clear sky
161,Chabahar,IR,2022-07-13 15:30:18,25.2919,60.643,87.42,76,12,10.4,few clouds
162,Port Lincoln,AU,2022-07-13 15:30:19,-34.7333,135.8667,52.0,82,6,4.74,clear sky
163,Egvekinot,RU,2022-07-13 15:30:19,66.3167,-179.1667,46.47,91,99,4.07,overcast clouds
164,Meulaboh,ID,2022-07-13 15:30:19,4.1363,96.1285,79.16,88,100,8.84,overcast clouds
165,Geraldton,AU,2022-07-13 15:30:20,-28.7667,114.6,59.41,94,75,9.22,broken clouds
166,Hualmay,PE,2022-07-13 15:30:20,-11.0964,-77.6139,65.91,67,25,10.4,scattered clouds
167,Ahipara,NZ,2022-07-13 15:30:20,-35.1667,173.1667,55.17,91,100,3.91,overcast clouds
168,Warren,US,2022-07-13 15:30:20,39.4334,-84.1666,83.39,56,0,6.91,clear sky
169,Afrikanda,RU,2022-07-13 15:30:21,67.4429,32.7828,70.72,67,61,10.16,broken clouds
170,Kurilsk,RU,2022-07-13 15:30:21,45.2333,147.8833,52.93,92,43,6.2,scattered clouds
171,Bilibino,RU,2022-07-13 15:30:22,68.0546,166.4372,50.67,77,28,4.36,scattered clouds
172,College,US,2022-07-13 15:30:22,64.8569,-147.8028,57.15,91,100,5.75,light rain
173,Guanica,PR,2022-07-13 15:30:22,17.9716,-66.908,89.06,71,100,6.82,overcast clouds
174,Antalaha,MG,2022-07-13 15:30:23,-14.9003,50.2788,70.63,80,64,10.16,broken clouds
175,Luderitz,NA,2022-07-13 15:30:23,-26.6481,15.1594,62.51,56,0,23.04,clear sky
176,Fortuna,US,2022-07-13 15:30:15,40.5982,-124.1573,57.34,90,100,1.01,overcast clouds
177,Tucuman,AR,2022-07-13 15:30:15,-26.8241,-65.2226,57.2,41,0,4.61,clear sky
178,Wajima,JP,2022-07-13 15:30:23,37.4,136.9,75.42,90,100,7.31,overcast clouds
179,Beloha,MG,2022-07-13 15:30:24,-25.1667,45.05,65.21,79,0,5.23,clear sky
180,Takoradi,GH,2022-07-13 15:30:24,4.8845,-1.7554,76.3,81,100,8.01,overcast clouds
181,Manta,EC,2022-07-13 15:30:24,-0.95,-80.7333,74.98,78,100,11.5,overcast clouds
182,Waddan,LY,2022-07-13 15:30:24,29.1614,16.139,92.08,20,0,14.36,clear sky
183,Pascagoula,US,2022-07-13 15:29:27,30.3658,-88.5561,82.56,87,0,0.0,clear sky
184,Pevek,RU,2022-07-13 15:30:25,69.7008,170.3133,33.73,96,82,6.42,broken clouds
185,Avera,US,2022-07-13 15:30:25,33.194,-82.5271,80.11,88,100,10.6,light rain
186,Kemijarvi,FI,2022-07-13 15:30:25,66.7131,27.4306,65.43,86,96,6.04,overcast clouds
187,Sao Joao Da Barra,BR,2022-07-13 15:29:35,-21.6403,-41.0511,80.69,61,69,13.73,broken clouds
188,Ugoofaaru,MV,2022-07-13 15:30:26,5.6667,73.0,82.78,76,28,14.79,scattered clouds
189,Aykhal,RU,2022-07-13 15:30:26,66.0,111.5,49.8,73,100,8.97,overcast clouds
190,Kelo,TD,2022-07-13 15:30:27,9.3086,15.8066,74.8,84,100,4.38,overcast clouds
191,Gafargaon,BD,2022-07-13 15:30:27,24.4333,90.5667,83.8,76,0,8.68,moderate rain
192,Abu Samrah,SY,2022-07-13 15:30:27,35.3029,37.1841,91.11,26,0,17.74,clear sky
193,Arraial Do Cabo,BR,2022-07-13 15:29:41,-22.9661,-42.0278,76.96,78,20,18.41,few clouds
194,Walla Walla,US,2022-07-13 15:29:00,46.0646,-118.343,78.67,47,0,11.5,clear sky
195,Chuy,UY,2022-07-13 15:30:28,-33.6971,-53.4616,51.8,61,1,8.72,clear sky
196,Vao,NC,2022-07-13 15:30:28,-22.6667,167.4833,71.31,91,100,22.91,overcast clouds
197,Palmer,US,2022-07-13 15:29:48,42.1584,-72.3287,82.65,60,0,1.01,clear sky
198,Ithaca,US,2022-07-13 15:30:05,42.4406,-76.4966,79.03,66,75,1.99,broken clouds
199,Tete,MZ,2022-07-13 15:30:29,-16.1564,33.5867,78.89,47,75,8.05,broken clouds
200,Arcelia,MX,2022-07-13 15:30:29,18.2833,-100.2667,78.85,80,100,2.77,overcast clouds
201,Upernavik,GL,2022-07-13 15:30:29,72.7868,-56.1549,41.72,85,38,9.53,scattered clouds
202,Lloydminster,CA,2022-07-13 15:25:30,53.2835,-110.0016,70.02,64,20,11.5,few clouds
203,Galle,LK,2022-07-13 15:30:30,6.0367,80.217,79.61,85,45,12.86,scattered clouds
204,Kodinsk,RU,2022-07-13 15:30:30,58.6881,99.1844,52.54,92,100,3.62,overcast clouds
205,Guerrero Negro,MX,2022-07-13 15:30:23,27.9769,-114.0611,69.76,71,84,12.5,broken clouds
206,Dingle,PH,2022-07-13 15:30:30,10.9995,122.6711,76.77,92,64,0.81,broken clouds
207,Poum,NC,2022-07-13 15:30:31,-20.2333,164.0167,75.78,72,100,20.85,overcast clouds
208,Palana,RU,2022-07-13 15:30:31,59.1167,159.9667,53.56,80,78,10.13,broken clouds
209,Aloleng,PH,2022-07-13 15:30:31,16.1307,119.7824,80.65,83,94,8.03,overcast clouds
210,Ancud,CL,2022-07-13 15:30:32,-41.8697,-73.8203,41.23,81,99,9.37,light rain
211,Kars,TR,2022-07-13 15:30:32,40.602,43.095,75.65,46,0,23.02,clear sky
212,Flinders,AU,2022-07-13 15:30:32,-34.5833,150.8552,53.19,66,87,14.0,overcast clouds
213,Saldanha,ZA,2022-07-13 15:30:32,-33.0117,17.9442,57.25,86,52,10.83,broken clouds
214,Byumba,RW,2022-07-13 15:30:33,-1.5763,30.0675,66.4,59,94,3.76,overcast clouds
215,Zyryanka,RU,2022-07-13 15:30:33,65.75,150.85,63.55,82,100,15.86,overcast clouds
216,Wakkanai,JP,2022-07-13 15:30:33,45.4094,141.6739,60.82,88,100,18.19,overcast clouds
217,Esperance,AU,2022-07-13 15:29:40,-33.8667,121.9,55.18,54,9,16.69,clear sky
218,Nouakchott,MR,2022-07-13 15:30:34,18.0858,-15.9785,80.53,71,10,12.12,clear sky
219,Winnemucca,US,2022-07-13 15:28:57,40.973,-117.7357,80.65,24,0,5.75,clear sky
220,Alekseyevsk,RU,2022-07-13 15:30:34,57.8406,108.3492,51.08,97,97,4.76,overcast clouds
221,Salinopolis,BR,2022-07-13 15:30:34,-0.6136,-47.3561,83.61,72,85,10.98,overcast clouds
222,Bathsheba,BB,2022-07-13 15:30:35,13.2167,-59.5167,88.41,78,40,21.85,scattered clouds
223,Kruisfontein,ZA,2022-07-13 15:30:35,-34.0033,24.7314,55.89,79,3,6.73,clear sky
224,Waipawa,NZ,2022-07-13 15:30:35,-41.4122,175.5153,51.17,74,0,17.29,clear sky
225,Bambous Virieux,MU,2022-07-13 15:30:36,-20.3428,57.7575,71.22,73,75,11.5,light rain
226,Greece,US,2022-07-13 15:30:36,43.2098,-77.6931,76.68,74,75,3.44,broken clouds
227,Constitucion,CL,2022-07-13 15:25:48,-35.3333,-72.4167,53.73,87,100,12.62,overcast clouds
228,Perpignan,FR,2022-07-13 15:30:36,42.75,2.75,92.82,55,0,9.22,clear sky
229,Hay River,CA,2022-07-13 15:30:37,60.8156,-115.7999,64.38,55,75,5.75,broken clouds
230,Coquimbo,CL,2022-07-13 15:30:37,-29.9533,-71.3436,53.33,87,100,3.44,overcast clouds
231,Abdanan,IR,2022-07-13 15:30:37,32.9926,47.4198,98.35,12,2,3.87,clear sky
232,Iranshahr,IR,2022-07-13 15:30:38,27.2025,60.6848,104.34,8,0,9.22,haze
233,Shingu,JP,2022-07-13 15:30:34,33.7333,135.9833,77.02,87,100,2.35,overcast clouds
234,Payakumbuh,ID,2022-07-13 15:30:38,-0.2202,100.6308,72.16,97,95,1.57,overcast clouds
235,Voyvozh,RU,2022-07-13 15:30:39,62.892,54.9635,76.21,57,58,3.8,broken clouds
236,Belmonte,BR,2022-07-13 15:30:39,-15.8631,-38.8828,78.87,57,6,6.4,clear sky
237,Sarai,RU,2022-07-13 15:30:39,53.7458,41.0213,73.09,55,15,4.76,few clouds
238,Butzow,DE,2022-07-13 15:29:59,53.85,11.9833,84.65,46,80,17.25,broken clouds
239,Hazorasp,UZ,2022-07-13 15:30:40,41.3194,61.0742,91.24,14,0,9.91,clear sky
240,Provideniya,RU,2022-07-13 15:30:40,64.3833,-173.3,51.15,82,99,5.53,overcast clouds
241,Padang,ID,2022-07-13 15:30:40,-0.9492,100.3543,79.16,85,99,2.8,overcast clouds
242,Brae,GB,2022-07-13 15:30:41,60.3964,-1.353,54.27,79,98,20.94,overcast clouds
243,Tieli,CN,2022-07-13 15:30:41,46.95,128.05,67.78,86,100,6.51,overcast clouds
244,Bandarbeyla,SO,2022-07-13 15:30:42,9.4942,50.8122,78.8,72,90,26.91,overcast clouds
245,Preobrazheniye,RU,2022-07-13 15:30:43,42.9019,133.9064,65.25,97,100,10.74,overcast clouds
246,San Cristobal,VE,2022-07-13 15:30:43,7.7669,-72.225,78.98,50,65,8.52,broken clouds
247,Vila Franca Do Campo,PT,2022-07-13 15:30:43,37.7167,-25.4333,75.2,79,55,11.54,broken clouds
248,Cidreira,BR,2022-07-13 15:30:43,-30.1811,-50.2056,56.53,67,0,12.1,clear sky
249,Vestmannaeyjar,IS,2022-07-13 15:30:44,63.4427,-20.2734,52.79,71,75,14.97,broken clouds
250,Parakai,NZ,2022-07-13 15:30:44,-36.65,174.4333,56.14,97,100,5.37,overcast clouds
251,Ilo,PE,2022-07-13 15:30:45,-17.6394,-71.3375,63.46,72,75,8.05,broken clouds
252,Znamenskoye,RU,2022-07-13 15:30:45,57.1281,73.8282,57.96,93,98,4.05,overcast clouds
253,Tuktoyaktuk,CA,2022-07-13 15:30:16,69.4541,-133.0374,41.0,100,100,12.66,mist
254,Taitung,TW,2022-07-13 15:30:49,22.7583,121.1444,82.38,85,100,5.88,overcast clouds
255,Bengkulu,ID,2022-07-13 15:29:54,-3.8004,102.2655,77.67,89,92,3.42,overcast clouds
256,Mount Gambier,AU,2022-07-13 15:30:49,-37.8333,140.7667,47.64,75,96,2.93,overcast clouds
257,Havoysund,NO,2022-07-13 15:30:49,70.9963,24.6622,61.03,90,100,9.28,overcast clouds
258,Kirakira,SB,2022-07-13 15:30:50,-10.4544,161.9205,76.77,76,61,3.76,broken clouds
259,Simao,CN,2022-07-13 15:30:50,22.7886,100.9748,69.24,80,57,2.53,broken clouds
260,Klaksvik,FO,2022-07-13 15:30:50,62.2266,-6.589,52.72,79,90,15.75,overcast clouds
261,Melo,UY,2022-07-13 15:30:51,-32.3667,-54.1833,53.42,59,2,8.3,clear sky
262,Kautokeino,NO,2022-07-13 15:30:51,69.0125,23.0412,68.83,54,100,2.73,overcast clouds
263,Los Llanos De Aridane,ES,2022-07-13 15:25:58,28.6585,-17.9182,74.95,73,20,6.91,few clouds
264,Mahon,ES,2022-07-13 15:30:51,39.8885,4.2658,86.56,42,0,9.22,clear sky
265,Ulladulla,AU,2022-07-13 15:30:52,-35.35,150.4667,48.06,72,72,14.99,broken clouds
266,Payo,ID,2022-07-13 15:30:52,-3.7508,103.6372,73.8,96,99,2.42,overcast clouds
267,Nanortalik,GL,2022-07-13 15:30:52,60.1432,-45.2371,44.8,81,100,7.34,overcast clouds
268,Frankfort,ZA,2022-07-13 15:29:56,-27.2667,28.4833,59.47,29,3,7.78,clear sky
269,Lompoc,US,2022-07-13 15:29:01,34.6391,-120.4579,58.84,87,100,5.01,overcast clouds
270,Talas,TR,2022-07-13 15:30:53,38.6908,35.5538,81.27,26,20,11.5,few clouds
271,Hilo,US,2022-07-13 15:30:53,19.7297,-155.09,76.28,100,75,4.61,moderate rain
272,Kattivakkam,IN,2022-07-13 15:30:53,13.2167,80.3167,80.69,58,100,13.06,overcast clouds
273,Kamenka,RU,2022-07-13 15:30:54,51.3223,42.7678,70.18,74,93,4.32,light rain
274,Hami,CN,2022-07-13 15:30:54,42.8,93.45,83.48,23,72,15.75,broken clouds
275,Sudogda,RU,2022-07-13 15:30:54,55.9539,40.8629,69.28,57,71,3.38,broken clouds
276,Abu Dhabi,AE,2022-07-13 15:26:08,24.4667,54.3667,98.71,63,0,6.91,clear sky
277,Porto Novo,BJ,2022-07-13 15:30:55,6.4965,2.6036,80.42,76,100,12.75,overcast clouds
278,Laibin,CN,2022-07-13 15:30:55,23.7,109.2667,81.14,76,0,3.71,clear sky
279,Carnarvon,AU,2022-07-13 15:30:55,-24.8667,113.6333,69.06,75,1,7.36,clear sky
280,Thinadhoo,MV,2022-07-13 15:30:56,0.5333,72.9333,84.06,72,69,12.19,broken clouds
281,Port Pirie,AU,2022-07-13 15:30:56,-33.1833,138.0167,44.94,84,1,4.63,clear sky
282,Mangai,CD,2022-07-13 15:30:56,-4.05,19.5333,91.92,22,51,1.59,broken clouds
283,Iralaya,HN,2022-07-13 15:30:57,15.0,-83.2333,82.13,83,100,13.82,overcast clouds
284,Oshakati,NA,2022-07-13 15:30:57,-17.7833,15.6833,75.74,21,0,8.05,clear sky
285,Mayor Pablo Lagerenza,PY,2022-07-13 15:30:57,-19.9309,-60.7718,82.83,37,87,9.51,overcast clouds
286,Arak,IR,2022-07-13 15:30:57,34.0917,49.6892,84.94,13,0,10.87,clear sky
287,Baruun-Urt,MN,2022-07-13 15:30:58,46.6806,113.2792,61.32,60,0,5.21,clear sky
288,General Pico,AR,2022-07-13 15:30:58,-35.6566,-63.7568,56.53,30,94,6.53,overcast clouds
289,Vila Velha,BR,2022-07-13 15:30:58,-20.3297,-40.2925,85.95,57,20,9.22,few clouds
290,Callaway,US,2022-07-13 15:30:59,30.153,-85.5699,81.99,92,100,4.0,overcast clouds
291,Talara,PE,2022-07-13 15:30:13,-4.5772,-81.2719,68.76,73,0,18.41,clear sky
292,Viransehir,TR,2022-07-13 15:30:59,37.2353,39.7631,100.47,11,0,11.74,clear sky
293,Ryde,GB,2022-07-13 15:30:59,50.73,-1.1621,81.41,89,91,1.99,overcast clouds
294,Jodhpur,IN,2022-07-13 15:31:00,26.2867,73.03,93.6,50,53,4.25,broken clouds
295,San Nicolas,PH,2022-07-13 15:31:00,18.1725,120.5953,76.91,100,75,4.61,broken clouds
296,Borba,BR,2022-07-13 15:31:00,-4.3878,-59.5939,94.39,37,55,3.89,broken clouds
297,Nicoya,CR,2022-07-13 15:31:01,10.1483,-85.452,82.08,79,97,2.98,overcast clouds
298,Camacha,PT,2022-07-13 15:31:01,33.0833,-16.3333,69.22,64,75,9.22,broken clouds
299,Sechura,PE,2022-07-13 15:31:01,-5.5569,-80.8222,70.05,62,49,10.29,scattered clouds
300,San Antonio,US,2022-07-13 15:26:55,29.4241,-98.4936,94.06,60,0,5.75,clear sky
301,Saint-Pierre,RE,2022-07-13 15:31:02,-21.3393,55.4781,69.48,74,75,19.57,broken clouds
302,Palm Coast,US,2022-07-13 15:30:49,29.585,-81.2078,94.05,66,0,4.61,clear sky
303,Sri Aman,MY,2022-07-13 15:31:02,1.2376,111.4621,75.25,94,100,3.44,overcast clouds
304,Lata,PT,2022-07-13 15:31:03,40.1629,-8.3327,94.14,21,99,10.87,overcast clouds
305,Baijiantan,CN,2022-07-13 15:31:03,45.6333,85.1833,84.51,20,45,16.17,scattered clouds
306,Roquetas De Mar,ES,2022-07-13 15:31:03,36.7642,-2.6148,83.61,71,11,5.08,few clouds
307,Batagay,RU,2022-07-13 15:31:04,67.6333,134.6333,49.26,81,97,4.29,overcast clouds
308,Tsubata,JP,2022-07-13 15:31:04,36.6667,136.7333,76.17,95,100,4.18,overcast clouds
309,Bom Jesus,BR,2022-07-13 15:31:04,-9.0744,-44.3586,95.0,27,10,9.6,clear sky
310,Miyako,JP,2022-07-13 15:31:05,39.6367,141.9525,68.36,94,97,3.89,light rain
311,Mehamn,NO,2022-07-13 15:31:05,71.0357,27.8492,64.35,68,40,11.5,scattered clouds
312,Aklavik,CA,2022-07-13 15:31:06,68.2191,-135.0107,46.4,100,100,10.36,light intensity drizzle
313,Maiduguri,NG,2022-07-13 15:31:06,11.8464,13.1603,94.78,34,32,10.89,scattered clouds
314,Makakilo City,US,2022-07-13 15:31:07,21.3469,-158.0858,77.32,71,0,9.22,clear sky
315,Stranda,NO,2022-07-13 15:31:07,62.3096,6.9358,62.44,69,82,7.61,light rain
316,Riyadh,SA,2022-07-13 15:31:07,24.6877,46.7219,104.14,7,94,11.01,overcast clouds
317,Umm Lajj,SA,2022-07-13 15:31:08,25.0213,37.2685,87.82,60,67,6.62,broken clouds
318,Ust-Omchug,RU,2022-07-13 15:31:08,61.15,149.6333,61.0,91,78,6.78,broken clouds
319,Palu,ID,2022-07-13 15:31:08,-0.8917,119.8707,76.41,95,100,2.04,overcast clouds
320,Calama,CL,2022-07-13 15:31:09,-22.4667,-68.9333,59.49,10,0,6.91,clear sky
321,Port Macquarie,AU,2022-07-13 15:31:09,-31.4333,152.9167,50.04,90,98,20.4,light rain
322,Jiaojiang,CN,2022-07-13 15:31:09,28.6803,121.4428,76.46,92,100,5.73,overcast clouds
323,Kidal,ML,2022-07-13 15:31:10,18.4411,1.4078,104.86,17,48,14.14,scattered clouds
324,Lufilufi,WS,2022-07-13 15:31:10,-13.8745,-171.5986,79.52,80,26,22.19,light rain
325,Berlevag,NO,2022-07-13 15:31:10,70.8578,29.0864,66.0,82,0,17.27,clear sky
326,Lavrentiya,RU,2022-07-13 15:29:11,65.5833,-171.0,48.88,81,100,7.07,overcast clouds
327,Atar,MR,2022-07-13 15:31:11,20.5169,-13.0499,112.15,10,87,13.04,overcast clouds
328,Cabo San Lucas,MX,2022-07-13 15:30:12,22.8909,-109.9124,87.1,70,0,3.44,clear sky
329,Tura,IN,2022-07-13 15:31:11,25.5198,90.2201,78.78,85,8,2.93,clear sky
330,Copiapo,CL,2022-07-13 15:31:11,-27.3667,-70.3333,53.29,53,7,5.1,clear sky
331,Alora,ES,2022-07-13 15:31:12,36.8236,-4.7058,92.91,16,0,10.63,clear sky
332,Verkhnevilyuysk,RU,2022-07-13 15:31:12,63.4453,120.3167,59.95,96,100,3.0,light rain
333,Swan Hill,AU,2022-07-13 15:31:12,-35.3378,143.5544,39.2,87,1,7.45,clear sky
334,Banjar,ID,2022-07-13 15:31:13,-8.19,114.9675,75.42,91,99,5.5,overcast clouds
335,Hiranagar,IN,2022-07-13 15:31:13,32.45,75.2667,88.14,61,67,5.17,broken clouds
336,San Javier,ES,2022-07-13 15:31:14,37.8063,-0.8374,100.89,54,0,8.01,clear sky
337,Micheweni,TZ,2022-07-13 15:31:14,-4.9667,39.8333,75.87,82,68,16.62,broken clouds
338,Gasa,PS,2022-07-13 15:31:14,31.5,34.4667,86.88,64,0,11.12,clear sky
339,Hinton,CA,2022-07-13 15:31:15,53.4001,-117.5857,62.94,59,79,1.28,broken clouds
340,Nome,US,2022-07-13 15:31:15,64.5011,-165.4064,51.87,82,100,3.44,overcast clouds
341,Trairi,BR,2022-07-13 15:26:35,-3.2778,-39.2689,86.77,55,11,12.59,few clouds
342,Bollnas,SE,2022-07-13 15:31:16,61.3482,16.3946,71.01,57,100,7.31,overcast clouds
343,Airai,TL,2022-07-13 15:31:17,-8.9266,125.4092,53.64,89,73,2.8,broken clouds
344,Balotra,IN,2022-07-13 15:31:17,25.8333,72.2333,95.07,49,42,1.92,scattered clouds
345,Buala,SB,2022-07-13 15:31:17,-8.145,159.5921,78.96,75,42,5.86,scattered clouds
346,Emerald,AU,2022-07-13 15:31:18,-23.5333,148.1667,45.34,66,0,9.1,clear sky
347,Beitbridge,ZW,2022-07-13 15:31:18,-22.2167,30.0,73.6,30,41,7.25,scattered clouds
348,Saint-Augustin,CA,2022-07-13 15:31:18,51.226,-58.6502,58.03,94,100,21.45,overcast clouds
349,Deloraine,AU,2022-07-13 15:31:19,-41.5333,146.6667,32.79,88,12,3.74,few clouds
350,Vanavara,RU,2022-07-13 15:31:19,60.34,102.2797,50.7,74,48,6.2,scattered clouds
351,Enshi,CN,2022-07-13 15:31:19,30.3,109.4833,77.85,88,100,0.2,overcast clouds
352,Cholet,FR,2022-07-13 15:31:20,47.1667,-1.0,100.31,10,1,5.44,clear sky
353,Porbandar,IN,2022-07-13 15:31:20,21.6422,69.6093,81.73,87,81,15.14,broken clouds
354,Great Falls,US,2022-07-13 15:29:50,47.5002,-111.3008,85.41,42,0,5.75,clear sky
355,Sterling,US,2022-07-13 15:31:21,39.0062,-77.4286,88.25,67,75,5.99,broken clouds
356,Ambatondrazaka,MG,2022-07-13 15:31:21,-17.8333,48.4167,57.58,94,28,5.35,scattered clouds
357,Quixeramobim,BR,2022-07-13 15:31:21,-5.1992,-39.2928,90.88,36,50,7.7,scattered clouds
358,Salalah,OM,2022-07-13 15:31:22,17.0151,54.0924,78.89,94,100,10.36,overcast clouds
359,Bowen,AU,2022-07-13 15:31:22,-20.0167,148.2333,54.48,58,0,10.54,clear sky
360,Maues,BR,2022-07-13 15:31:22,-3.3836,-57.7186,94.35,39,70,3.83,broken clouds
361,Salobrena,ES,2022-07-13 15:31:23,36.7428,-3.5872,106.47,49,0,2.91,clear sky
362,Plouzane,FR,2022-07-13 15:31:23,48.3833,-4.6167,84.25,50,0,11.5,clear sky
363,Rio Grande City,US,2022-07-13 15:31:23,26.3798,-98.8203,92.88,46,2,11.95,clear sky
364,Paita,PE,2022-07-13 15:31:23,-5.0892,-81.1144,68.31,69,78,12.48,broken clouds
365,Namibe,AO,2022-07-13 15:31:24,-15.1961,12.1522,65.03,82,75,11.5,broken clouds
366,Merauke,ID,2022-07-13 15:31:24,-8.4667,140.3333,74.75,83,39,13.0,scattered clouds
367,Lebrija,ES,2022-07-13 15:31:24,36.9208,-6.0753,110.08,11,0,13.8,clear sky
368,Vitry-Le-Francois,FR,2022-07-13 15:31:25,48.7333,4.5833,97.07,25,100,6.96,overcast clouds
369,La Peca,PE,2022-07-13 15:31:25,-5.6111,-78.435,77.77,63,47,2.57,light rain
370,Yulara,AU,2022-07-13 15:31:25,-25.2406,130.9889,45.14,53,0,10.13,clear sky
371,Dunboyne,IE,2022-07-13 15:31:26,53.4,-6.4667,68.67,51,75,13.8,broken clouds
372,Nkhata Bay,MW,2022-07-13 15:31:26,-11.6066,34.2907,70.0,67,12,5.19,few clouds
373,Sim,RU,2022-07-13 15:31:26,54.993,57.6982,71.8,87,81,1.99,light rain
374,Ottobrunn,DE,2022-07-13 15:31:27,48.0624,11.6686,84.58,27,61,2.62,broken clouds
375,Indramayu,ID,2022-07-13 15:31:27,-6.3264,108.32,79.3,81,99,7.76,moderate rain
376,Hildburghausen,DE,2022-07-13 15:27:24,50.4255,10.7318,85.75,30,78,9.44,broken clouds
377,Astana,KZ,2022-07-13 15:31:27,51.1801,71.446,73.35,53,0,6.71,clear sky
378,Salo,IT,2022-07-13 15:31:28,45.6086,10.531,91.33,39,6,4.0,clear sky
379,Mweka,CD,2022-07-13 15:31:28,-4.85,21.5667,87.78,25,50,1.41,scattered clouds
380,Taurianova,IT,2022-07-13 15:31:28,38.3563,16.0109,84.38,44,1,4.76,clear sky
381,Kulhudhuffushi,MV,2022-07-13 15:31:28,6.6221,73.07,82.11,78,100,16.17,overcast clouds
382,Yuli,NG,2022-07-13 15:31:29,9.6989,10.2744,83.77,62,100,8.46,light rain
383,San Policarpo,PH,2022-07-13 15:31:29,12.1791,125.5072,79.27,85,88,3.69,overcast clouds
384,Chake Chake,TZ,2022-07-13 15:31:30,-5.2459,39.7666,74.55,85,72,13.6,light rain
385,Monrovia,LR,2022-07-13 15:31:30,6.3005,-10.7969,78.76,80,90,12.86,light rain
386,Pimentel,PE,2022-07-13 15:31:30,-6.8367,-79.9342,68.29,68,20,11.5,few clouds
387,Launceston,AU,2022-07-13 15:29:24,-41.45,147.1667,36.16,93,14,6.91,few clouds
388,Maraa,BR,2022-07-13 15:31:31,-1.8333,-65.3667,85.89,66,32,2.26,scattered clouds
389,Lincoln,US,2022-07-13 15:31:31,40.8,-96.667,84.29,55,0,8.05,clear sky
390,Odweyne,SO,2022-07-13 15:31:31,9.4092,45.064,82.18,35,82,19.39,broken clouds
391,Comodoro Rivadavia,AR,2022-07-13 15:30:04,-45.8667,-67.5,42.66,49,20,8.05,few clouds
392,Bull Savanna,JM,2022-07-13 15:31:32,17.8868,-77.5902,87.46,55,78,15.73,broken clouds
393,Aswan,EG,2022-07-13 15:31:32,24.0934,32.907,101.5,22,0,8.05,clear sky
394,Asyut,EG,2022-07-13 15:31:32,27.181,31.1837,95.18,14,45,18.5,scattered clouds
395,Hit,IQ,2022-07-13 15:31:33,33.6416,42.8251,102.54,11,6,13.42,clear sky
396,Christchurch,NZ,2022-07-13 15:28:56,-43.5333,172.6333,48.9,57,75,8.05,broken clouds
397,Mogadishu,SO,2022-07-13 15:31:33,2.0371,45.3438,77.27,87,66,22.84,light rain
398,Kaeo,NZ,2022-07-13 15:31:33,-35.1,173.7833,52.32,96,100,1.81,moderate rain
399,Aleksandrov Gay,RU,2022-07-13 15:31:34,50.147,48.5704,85.5,35,100,9.06,overcast clouds
400,Tulagi,SB,2022-07-13 15:31:34,-9.0996,160.1476,81.07,69,84,8.55,broken clouds
401,La Ronge,CA,2022-07-13 15:31:34,55.1001,-105.2842,75.45,50,0,12.66,clear sky
402,Pisco,PE,2022-07-13 15:31:35,-13.7,-76.2167,62.65,72,100,6.91,haze
403,Pasighat,IN,2022-07-13 15:31:35,28.0667,95.3333,79.38,89,93,4.12,overcast clouds
404,Gazanjyk,TM,2022-07-13 15:31:35,39.2446,55.5154,93.74,16,0,10.16,clear sky
405,Roma,US,2022-07-13 15:30:03,43.2128,-75.4557,78.73,63,0,3.0,clear sky
406,Nowogard,PL,2022-07-13 15:31:36,53.6744,15.1163,81.45,44,0,8.05,clear sky
407,Mayumba,GA,2022-07-13 15:31:36,-3.432,10.6554,73.58,76,89,7.85,overcast clouds
408,Necochea,AR,2022-07-13 15:31:36,-38.5473,-58.7368,54.54,44,95,15.01,overcast clouds
409,Belaya Gora,RU,2022-07-13 15:31:37,68.5333,146.4167,49.44,84,87,14.47,overcast clouds
410,Acapulco,MX,2022-07-13 15:27:15,16.8634,-99.8901,82.22,74,100,2.3,overcast clouds
411,Yadgir,IN,2022-07-13 15:31:37,16.7667,77.1333,71.82,87,100,22.17,light rain
412,Shache,CN,2022-07-13 15:31:37,38.4167,77.2406,74.43,32,100,11.32,overcast clouds
413,Cusco,PE,2022-07-13 15:27:40,-13.5183,-71.9781,57.43,41,40,3.44,scattered clouds
414,Cabatuan,PH,2022-07-13 15:31:38,10.8794,122.486,75.2,93,83,2.73,broken clouds
415,Fairbanks,US,2022-07-13 15:31:16,64.8378,-147.7164,57.16,91,100,5.75,light rain
416,Tanete,ID,2022-07-13 15:31:38,-3.9443,119.7848,73.92,96,94,3.71,overcast clouds
417,La Rioja,ES,2022-07-13 15:31:38,42.25,-2.5,96.58,12,52,10.6,broken clouds
418,Ixtapa,MX,2022-07-13 15:31:39,20.7,-105.2,85.23,83,100,4.61,overcast clouds
419,Aginskoye,RU,2022-07-13 15:31:40,51.1,114.53,58.33,70,0,4.14,clear sky
420,Rassvet,RU,2022-07-13 15:31:40,46.8333,40.75,86.77,41,44,11.18,scattered clouds
421,Hastings,GB,2022-07-13 15:31:32,50.8552,0.5729,84.97,44,65,6.24,broken clouds
422,Port Augusta,AU,2022-07-13 15:31:41,-32.5,137.7667,43.5,87,1,2.89,clear sky
423,Inuvik,CA,2022-07-13 15:31:41,68.3499,-133.7218,43.66,100,100,6.91,mist
424,Klenovyy,UA,2022-07-13 15:31:42,48.1193,39.4588,79.99,22,70,9.71,broken clouds
425,Cayenne,GF,2022-07-13 15:28:31,4.9333,-52.3333,82.44,78,75,0.0,light rain
426,Sao Paulo De Olivenca,BR,2022-07-13 15:31:42,-3.3783,-68.8725,87.28,62,90,2.8,heavy intensity rain
427,Erdenet,MN,2022-07-13 15:31:42,49.0333,104.0833,58.17,62,90,4.09,overcast clouds
428,Yelizovo,RU,2022-07-13 15:31:43,53.1873,158.3805,57.34,100,100,4.47,overcast clouds
429,Beni,CD,2022-07-13 15:31:43,0.5,29.4667,73.92,57,98,3.2,overcast clouds
430,Mwandiga,TZ,2022-07-13 15:31:43,-4.83,29.6581,74.61,55,78,2.59,broken clouds
431,Atagay,RU,2022-07-13 15:31:43,55.1033,99.3875,55.0,95,100,4.03,overcast clouds
432,Victor Harbor,AU,2022-07-13 15:31:44,-35.5667,138.6167,48.99,86,13,3.06,few clouds
433,Linxi,CN,2022-07-13 15:31:44,39.7,118.4333,77.74,86,59,7.23,broken clouds
434,Sabang,ID,2022-07-13 15:31:44,5.8933,95.3214,82.94,80,100,15.97,overcast clouds
435,Touros,BR,2022-07-13 15:31:45,-5.1989,-35.4608,83.17,68,35,15.35,scattered clouds
436,Conde,BR,2022-07-13 15:29:47,-7.2597,-34.9075,81.86,69,75,17.27,broken clouds
437,Chenzhou,CN,2022-07-13 15:31:45,25.8,113.0333,80.15,81,68,4.56,broken clouds
438,Svetlogorsk,BY,2022-07-13 15:31:45,52.6333,29.7333,55.53,98,100,5.23,overcast clouds
439,Taoudenni,ML,2022-07-13 15:31:46,22.6783,-3.9836,116.01,8,44,6.42,scattered clouds
440,Zharkovskiy,RU,2022-07-13 15:31:46,55.849,32.2697,61.59,83,94,7.72,light rain
441,Port-Gentil,GA,2022-07-13 15:31:46,-0.7193,8.7815,73.92,80,75,14.25,broken clouds
442,Coromandel,BR,2022-07-13 15:31:47,-18.4733,-47.2003,79.79,26,22,10.22,few clouds
443,Leninskoye,KZ,2022-07-13 15:31:47,41.7589,69.3864,82.22,24,6,12.68,clear sky
444,Ostersund,SE,2022-07-13 15:31:47,63.1792,14.6357,52.25,100,75,15.99,moderate rain
445,Wasilla,US,2022-07-13 15:31:47,61.5814,-149.4394,58.17,85,100,3.44,overcast clouds
446,Pacific Grove,US,2022-07-13 15:31:48,36.6177,-121.9166,61.02,89,100,4.0,overcast clouds
447,Ninghai,CN,2022-07-13 15:31:48,29.2892,121.4247,78.82,88,100,3.18,overcast clouds
448,Sorong,ID,2022-07-13 15:31:48,-0.8833,131.25,78.01,88,100,10.0,overcast clouds
449,Kalemie,CD,2022-07-13 15:31:49,-5.9475,29.1947,73.8,55,57,3.27,broken clouds
450,Tabou,CI,2022-07-13 15:31:49,4.423,-7.3528,77.52,78,97,10.89,overcast clouds
451,Skjervoy,NO,2022-07-13 15:31:50,70.0311,20.9714,62.6,93,100,9.91,light rain
452,Tual,ID,2022-07-13 15:31:50,-5.6667,132.75,78.8,84,100,25.86,overcast clouds
453,Mapiripan,CO,2022-07-13 15:31:50,2.8892,-72.1256,75.02,88,86,5.08,overcast clouds
454,Tautira,PF,2022-07-13 15:31:51,-17.7333,-149.15,76.35,74,53,15.41,broken clouds
455,Komsomolskiy,UZ,2022-07-13 15:31:51,40.4272,71.7189,83.12,28,0,4.61,clear sky
456,Menongue,AO,2022-07-13 15:31:51,-14.6585,17.691,73.89,23,4,6.35,clear sky
457,Syracuse,IT,2022-07-13 15:31:51,37.0881,15.2792,85.59,64,30,9.4,scattered clouds
458,Savannah Bight,HN,2022-07-13 15:31:52,16.45,-85.85,81.64,81,64,20.38,broken clouds
459,Port Blair,IN,2022-07-13 15:31:52,11.6667,92.75,84.24,74,75,16.11,haze
460,Solomenskoye,RU,2022-07-13 15:31:52,44.2167,44.3528,84.49,42,26,14.29,scattered clouds
461,Viseu,PT,2022-07-13 15:31:53,40.661,-7.9097,104.86,11,99,8.34,overcast clouds
462,Yar-Sale,RU,2022-07-13 15:31:53,66.8333,70.8333,51.35,86,100,13.02,overcast clouds
463,Olafsvik,IS,2022-07-13 15:31:53,64.8945,-23.7142,49.19,79,80,11.97,broken clouds
464,Manado,ID,2022-07-13 15:31:53,1.487,124.8455,79.57,83,20,4.61,few clouds
465,Portland,US,2022-07-13 15:27:40,45.5234,-122.6762,63.99,70,20,8.05,few clouds
466,Rabat,MA,2022-07-13 15:31:54,33.9911,-6.8401,80.67,74,14,8.05,few clouds
467,Oranjemund,NA,2022-07-13 15:31:54,-28.55,16.4333,55.89,79,0,12.84,clear sky
468,Dezful,IR,2022-07-13 15:31:54,32.3811,48.4058,110.84,8,2,11.1,clear sky
469,Dolores,AR,2022-07-13 15:30:02,-36.3132,-57.6792,55.31,49,11,12.71,light rain
470,Bintulu,MY,2022-07-13 15:31:55,3.1667,113.0333,77.41,88,20,5.99,few clouds
471,Ulaangom,MN,2022-07-13 15:31:55,49.9811,92.0667,59.76,47,100,14.56,overcast clouds
472,Gornopravdinsk,RU,2022-07-13 15:31:56,60.05,69.9,66.13,86,70,5.3,broken clouds
473,Puerto Escondido,MX,2022-07-13 15:29:12,15.85,-97.0667,85.03,65,40,5.75,scattered clouds
474,Iskateley,RU,2022-07-13 15:31:56,67.6803,53.1512,66.51,85,96,7.92,moderate rain
475,Zhigansk,RU,2022-07-13 15:31:56,66.7697,123.3711,57.13,94,82,7.2,broken clouds
476,Cabedelo,BR,2022-07-13 15:31:57,-6.9811,-34.8339,83.07,79,30,18.84,scattered clouds
477,Westport,US,2022-07-13 15:30:57,41.1415,-73.3579,88.29,53,0,9.22,clear sky
478,Kristiinankaupunki,FI,2022-07-13 15:29:09,62.2743,21.376,68.16,67,93,7.36,overcast clouds
479,Dongsheng,CN,2022-07-13 15:31:57,39.8161,109.9776,74.37,36,70,10.71,broken clouds
480,Acajutla,SV,2022-07-13 15:31:57,13.5928,-89.8275,84.88,64,94,3.09,overcast clouds
481,Kambove,CD,2022-07-13 15:31:58,-10.8764,26.5969,67.08,41,8,1.68,clear sky
482,Caravelas,BR,2022-07-13 15:31:58,-17.7125,-39.2481,79.41,58,8,7.05,clear sky
483,Saint George,US,2022-07-13 15:27:40,37.1041,-113.5841,93.79,29,0,16.11,clear sky
484,Anadyr,RU,2022-07-13 15:31:58,64.75,177.4833,52.3,87,75,4.47,broken clouds
485,Verkhoyansk,RU,2022-07-13 15:31:59,67.5447,133.385,52.66,77,100,6.58,overcast clouds
486,Nioro,GM,2022-07-13 15:31:59,13.35,-15.75,84.96,69,96,9.01,moderate rain
487,Moree,AU,2022-07-13 15:31:59,-29.4667,149.85,42.06,81,4,13.53,clear sky
488,Arlit,NE,2022-07-13 15:32:00,18.7369,7.3853,108.91,10,71,10.42,broken clouds
489,Marathon,US,2022-07-13 15:32:00,44.9,-89.7668,68.2,84,100,6.91,overcast clouds
490,San Rafael,AR,2022-07-13 15:29:01,-34.6177,-68.3301,48.94,38,2,10.04,clear sky
491,Devonport,AU,2022-07-13 15:32:00,-41.1667,146.35,43.02,81,5,6.55,clear sky
492,Najran,SA,2022-07-13 15:32:01,17.4924,44.1277,81.25,25,100,10.0,overcast clouds
493,Roald,NO,2022-07-13 15:32:01,62.5833,6.1333,63.0,67,75,17.27,broken clouds
494,Naze,JP,2022-07-13 15:32:01,28.3667,129.4833,77.92,85,100,6.76,overcast clouds
495,Dalby,AU,2022-07-13 15:32:02,-27.1833,151.2667,44.98,71,2,4.0,clear sky
496,Nobeoka,JP,2022-07-13 15:32:02,32.5833,131.6667,78.75,88,100,2.89,overcast clouds
497,Mao,ES,2022-07-13 15:31:49,39.8885,4.2658,86.56,42,0,9.22,clear sky
498,Tuatapere,NZ,2022-07-13 15:32:02,-46.1333,167.6833,44.44,85,100,7.99,overcast clouds
499,Balkanabat,TM,2022-07-13 15:32:03,39.5108,54.3671,97.11,15,0,10.38,clear sky
500,Lorengau,PG,2022-07-13 15:30:49,-2.0226,147.2712,80.67,83,89,4.0,overcast clouds
501,Nata,PA,2022-07-13 15:32:03,8.3333,-80.5167,84.07,74,88,5.14,overcast clouds
502,Babylon,US,2022-07-13 15:32:03,40.6957,-73.3257,88.02,53,0,4.61,clear sky
503,Karla,EE,2022-07-13 15:32:04,59.3723,24.9275,73.36,53,20,12.66,few clouds
504,Taksimo,RU,2022-07-13 15:32:04,56.3444,114.8794,59.25,78,23,1.92,few clouds
505,Karatau,KZ,2022-07-13 15:32:04,43.1667,70.4667,81.88,27,1,12.37,clear sky
506,Tiarei,PF,2022-07-13 15:32:05,-17.5333,-149.3333,69.82,74,48,17.49,scattered clouds
507,Marsh Harbour,BS,2022-07-13 15:32:05,26.5412,-77.0636,84.7,71,55,12.26,broken clouds
508,San Juan,AR,2022-07-13 15:30:24,-31.5375,-68.5364,55.58,23,0,6.44,clear sky
509,Idrinskoye,RU,2022-07-13 15:32:06,54.3708,92.1358,49.35,82,15,2.91,few clouds
510,Vestmanna,FO,2022-07-13 15:31:30,62.1564,-7.1664,50.92,76,100,10.36,overcast clouds
511,Tangjiazhuang,CN,2022-07-13 15:32:06,39.7333,118.45,77.54,87,60,7.36,broken clouds
512,Yeppoon,AU,2022-07-13 15:32:06,-23.1333,150.7333,55.18,66,0,11.39,clear sky
513,Ventspils,LV,2022-07-13 15:32:07,57.3894,21.5606,69.73,78,0,8.05,clear sky
514,Lichuan,CN,2022-07-13 15:32:07,30.3,108.85,69.22,95,95,3.11,overcast clouds
515,Mabaruma,GY,2022-07-13 15:32:07,8.2,-59.7833,82.4,78,40,11.5,scattered clouds
516,Alice Springs,AU,2022-07-13 15:30:43,-23.7,133.8833,33.35,75,0,0.0,clear sky
517,Jalu,LY,2022-07-13 15:32:08,29.0331,21.5482,95.52,19,0,10.8,clear sky
518,Linares,CL,2022-07-13 15:32:08,-35.85,-71.6,50.59,78,100,6.35,moderate rain
519,Liverpool,GB,2022-07-13 15:31:08,53.4106,-2.9779,70.29,56,20,14.97,few clouds
520,Mahibadhoo,MV,2022-07-13 15:32:09,3.7833,72.9667,83.34,73,38,13.24,scattered clouds
521,Te Anau,NZ,2022-07-13 15:32:09,-45.4167,167.7167,40.05,96,100,1.92,overcast clouds
522,Wadowice,PL,2022-07-13 15:28:15,49.8834,19.4929,80.62,63,92,1.99,overcast clouds
523,Cervo,ES,2022-07-13 15:30:40,43.6702,-7.4101,78.26,66,42,6.93,scattered clouds
524,Moerai,PF,2022-07-13 15:32:10,-22.4333,-151.3333,70.81,62,85,15.93,overcast clouds
525,Taltal,CL,2022-07-13 15:32:10,-25.4,-70.4833,57.69,80,59,5.95,broken clouds
526,Suarez,CO,2022-07-13 15:32:10,2.954,-76.6964,78.22,71,36,2.51,scattered clouds
527,Sibu,MY,2022-07-13 15:32:10,2.3,111.8167,75.51,83,40,3.44,scattered clouds
528,Husavik,IS,2022-07-13 15:32:11,66.0449,-17.3389,52.05,65,4,8.5,clear sky
529,Mattru,SL,2022-07-13 15:31:23,7.6244,-11.8332,80.28,84,71,6.26,light rain
530,Stromness,GB,2022-07-13 15:32:11,58.965,-3.296,57.16,79,94,15.01,overcast clouds
531,Ushtobe,KZ,2022-07-13 15:32:12,45.2514,77.9838,76.5,22,70,13.4,broken clouds
532,Dwarka,IN,2022-07-13 15:32:12,22.2394,68.9678,83.03,85,47,16.33,scattered clouds
533,Kimbe,PG,2022-07-13 15:32:12,-5.5502,150.1429,75.78,88,35,4.74,scattered clouds
534,Gisenyi,RW,2022-07-13 15:32:13,-1.7028,29.2564,69.57,66,90,3.58,overcast clouds
535,Antonina,BR,2022-07-13 15:32:13,-25.4286,-48.7119,65.88,1,100,2.37,overcast clouds
536,Kieta,PG,2022-07-13 15:32:13,-6.2167,155.6333,77.88,86,10,6.2,light rain
537,Sur,OM,2022-07-13 15:32:14,22.5667,59.5289,89.49,64,14,8.68,few clouds
538,Hirara,JP,2022-07-13 15:32:14,24.8,125.2833,84.25,80,100,13.15,overcast clouds
539,Piracicaba,BR,2022-07-13 15:31:52,-22.7253,-47.6492,74.95,54,93,9.26,overcast clouds
540,Lac Du Bonnet,CA,2022-07-13 15:32:15,50.2536,-96.0612,73.72,61,0,2.91,clear sky
541,Erzincan,TR,2022-07-13 15:32:15,39.75,39.5,87.1,33,40,13.8,scattered clouds
542,Reading,GB,2022-07-13 15:29:39,51.4562,-0.9711,83.53,44,0,6.91,clear sky
543,Surgut,RU,2022-07-13 15:32:15,61.25,73.4167,68.18,64,0,6.71,clear sky
544,Honiara,SB,2022-07-13 15:32:16,-9.4333,159.95,75.92,85,58,4.09,broken clouds
545,Chara,RU,2022-07-13 15:32:16,56.9064,118.2631,60.49,78,60,4.85,broken clouds
546,San Patricio,US,2022-07-13 15:32:16,28.017,-97.5169,91.27,46,5,7.0,clear sky
547,Marsa Matruh,EG,2022-07-13 15:32:17,31.3525,27.2453,82.6,57,0,14.97,clear sky
548,Nimaparha,IN,2022-07-13 15:32:17,20.0667,86.0167,79.2,84,99,4.68,overcast clouds
549,Susaki,JP,2022-07-13 15:32:17,33.3667,133.2833,76.93,89,100,1.72,overcast clouds
550,Strelka,RU,2022-07-13 15:32:17,58.0728,93.0344,54.45,68,96,4.59,overcast clouds
551,Puerto Baquerizo Moreno,EC,2022-07-13 15:32:18,-0.9,-89.6,72.59,78,40,6.91,scattered clouds
552,Ossora,RU,2022-07-13 15:32:18,59.2353,163.0719,61.21,87,92,1.28,overcast clouds
553,Kangaatsiaq,GL,2022-07-13 15:32:18,68.3065,-53.4641,40.55,96,100,5.32,overcast clouds
554,Seoul,KR,2022-07-13 15:32:19,37.5683,126.9778,76.6,94,75,3.44,mist
555,Morehead,US,2022-07-13 15:32:19,37.2711,-87.1764,81.0,66,0,3.0,clear sky
556,Chivay,PE,2022-07-13 15:32:19,-15.6383,-71.6011,54.54,32,35,3.83,scattered clouds
557,Cappelle-La-Grande,FR,2022-07-13 15:32:20,50.9998,2.3585,77.22,67,84,1.99,broken clouds
558,Pujili,EC,2022-07-13 15:32:20,-0.95,-78.6833,51.69,71,75,3.44,broken clouds
559,Tenenkou,ML,2022-07-13 15:32:20,14.4572,-4.9169,102.99,23,38,7.25,scattered clouds
560,Muros,ES,2022-07-13 15:32:21,42.7762,-9.0603,96.1,32,86,4.03,overcast clouds
561,Praya,CV,2022-07-13 15:32:21,14.9215,-23.5087,82.94,69,75,10.36,broken clouds
562,Mbour,SN,2022-07-13 15:32:21,14.422,-16.9638,88.65,68,95,14.07,overcast clouds
563,Kuching,MY,2022-07-13 15:32:22,1.55,110.3333,77.22,94,20,2.3,few clouds
564,Umea,SE,2022-07-13 15:32:22,63.8284,20.2597,71.53,60,0,10.36,clear sky
565,Namatanai,PG,2022-07-13 15:32:22,-3.6667,152.4333,79.12,86,100,6.06,light rain
566,Fulton,US,2022-07-13 15:32:23,33.7668,-84.4499,86.95,76,100,8.05,overcast clouds
567,Black River,JM,2022-07-13 15:32:23,18.0264,-77.8487,91.74,49,79,11.5,broken clouds
568,Shenzhen,CN,2022-07-13 15:32:23,22.5455,114.0683,89.08,87,0,5.86,clear sky
569,San Isidro,PE,2022-07-13 15:32:23,-12.1167,-77.05,71.02,68,100,9.22,overcast clouds
570,Bani Walid,LY,2022-07-13 15:32:24,31.7566,13.9942,90.45,23,0,17.76,clear sky
571,Ciudad Bolivar,VE,2022-07-13 15:32:24,8.1222,-63.5497,83.62,66,100,8.48,overcast clouds
572,Ponta Delgada,PT,2022-07-13 15:32:24,37.7333,-25.6667,75.51,83,40,31.07,scattered clouds
573,Sijunjung,ID,2022-07-13 15:32:25,-0.6876,100.9537,73.65,97,98,1.43,overcast clouds
574,Waterfoot,GB,2022-07-13 15:32:25,53.6929,-2.2525,68.74,59,20,4.0,few clouds
575,Bridlington,GB,2022-07-13 15:32:25,54.0831,-0.1919,71.29,65,3,10.87,clear sky
576,Krasnoselkup,RU,2022-07-13 15:32:26,65.7,82.4667,55.96,56,100,1.3,overcast clouds
577,Vostok,RU,2022-07-13 15:32:26,46.4856,135.8833,62.51,96,42,3.67,scattered clouds
578,Alyangula,AU,2022-07-13 15:32:26,-13.8483,136.4192,68.65,50,56,18.07,broken clouds
579,Huarmey,PE,2022-07-13 15:32:27,-10.0681,-78.1522,66.81,69,12,9.28,few clouds
580,Fort Nelson,CA,2022-07-13 15:31:42,58.8053,-122.7002,53.19,71,75,4.61,broken clouds
581,Sal Rei,CV,2022-07-13 15:32:27,16.1833,-22.9167,80.8,65,75,12.66,broken clouds
582,Nhulunbuy,AU,2022-07-13 15:32:27,-12.2333,136.7667,68.61,68,75,12.66,broken clouds
583,Porteirinha,BR,2022-07-13 15:32:28,-15.7433,-43.0283,86.97,26,5,8.28,clear sky
584,Chicama,PE,2022-07-13 15:32:20,-7.8447,-79.1469,61.34,60,50,7.99,scattered clouds
585,Kabwe,ZM,2022-07-13 15:32:28,-14.4469,28.4464,64.29,50,100,8.61,overcast clouds
586,Ewa Beach,US,2022-07-13 15:32:28,21.3156,-158.0072,78.75,71,0,9.22,clear sky
587,Bubaque,GW,2022-07-13 15:32:28,11.2833,-15.8333,81.57,76,70,8.7,broken clouds
588,Shar,KZ,2022-07-13 15:32:29,49.5886,81.0453,68.2,35,77,7.63,broken clouds
589,Hihya,EG,2022-07-13 15:32:29,30.6713,31.588,86.59,37,0,17.18,clear sky
590,Madras,IN,2022-07-13 15:32:06,13.0878,80.2785,80.58,89,40,10.36,mist
591,Whitianga,NZ,2022-07-13 15:31:48,-36.8333,175.7,54.43,90,100,7.02,overcast clouds
592,Havelock,US,2022-07-13 15:32:30,34.8791,-76.9013,85.98,85,93,4.0,overcast clouds
593,Svendborg,DK,2022-07-13 15:32:30,55.0598,10.6068,68.25,58,1,19.08,clear sky
594,Jaque,PA,2022-07-13 15:32:30,7.5175,-78.1703,82.78,74,47,8.28,light rain
595,Ambulu,ID,2022-07-13 15:32:30,-8.345,113.6058,75.76,89,98,6.22,overcast clouds
596,Macas,EC,2022-07-13 15:32:31,-2.3167,-78.1167,69.55,94,100,8.05,moderate rain
597,Edd,ER,2022-07-13 15:32:31,13.9297,41.6925,90.79,63,99,19.3,overcast clouds
598,Point Pleasant,US,2022-07-13 15:32:32,40.0832,-74.0682,89.29,64,0,5.75,clear sky
599,Russkaya Polyana,UA,2022-07-13 15:32:32,49.417,31.9201,57.0,91,100,15.64,light rain
600,Guapo,BR,2022-07-13 15:32:32,-16.8306,-49.5319,82.78,17,67,7.83,broken clouds
601,Clyde River,CA,2022-07-13 15:32:32,70.4692,-68.5914,43.03,81,20,14.97,few clouds
602,Amudat,UG,2022-07-13 15:32:33,1.95,34.95,73.2,63,99,3.36,overcast clouds
603,Coihaique,CL,2022-07-13 15:29:34,-45.5752,-72.0662,30.15,86,75,4.61,broken clouds
604,Luganville,VU,2022-07-13 15:32:33,-15.5333,167.1667,75.07,85,11,7.0,few clouds
605,Skelleftea,SE,2022-07-13 15:32:33,64.7507,20.9528,73.76,38,100,5.75,overcast clouds
606,Rumonge,BI,2022-07-13 15:32:34,-3.9736,29.4386,74.32,60,80,1.21,broken clouds
607,Saint Anthony,US,2022-07-13 15:30:13,45.0205,-93.218,74.89,78,0,8.05,clear sky
608,Bettiah,IN,2022-07-13 15:32:34,26.8,84.5,94.44,49,75,13.85,broken clouds
609,Maragogi,BR,2022-07-13 15:32:34,-9.0122,-35.2225,79.16,76,96,14.45,overcast clouds
610,Kristinehamn,SE,2022-07-13 15:31:57,59.3098,14.1081,61.36,62,57,19.3,broken clouds
611,North Bend,US,2022-07-13 15:30:12,43.4065,-124.2243,62.17,88,0,9.22,clear sky
612,Batagay-Alyta,RU,2022-07-13 15:32:35,67.8006,130.4114,52.5,75,100,2.82,overcast clouds
613,Opuwo,NA,2022-07-13 15:32:32,-18.0607,13.84,76.42,20,0,10.04,clear sky
614,Acarau,BR,2022-07-13 15:32:35,-2.8856,-40.12,86.97,58,58,14.97,broken clouds
615,Dudinka,RU,2022-07-13 15:32:35,69.4058,86.1778,51.62,67,17,15.1,few clouds
616,General Roca,AR,2022-07-13 15:32:36,-39.0333,-67.5833,44.62,53,100,1.39,moderate rain
617,Rocha,UY,2022-07-13 15:32:36,-34.4833,-54.3333,52.77,57,1,10.89,clear sky
618,Yabrud,SY,2022-07-13 15:32:36,33.9674,36.6574,77.11,35,0,5.39,clear sky
619,Enniscorthy,IE,2022-07-13 15:32:37,52.5008,-6.5578,72.72,51,96,6.58,overcast clouds
620,Trelew,AR,2022-07-13 15:28:27,-43.249,-65.3051,44.98,36,0,7.61,clear sky
621,Nyurba,RU,2022-07-13 15:32:37,63.2842,118.3319,56.75,81,71,3.04,broken clouds
622,Walvis Bay,NA,2022-07-13 15:32:37,-22.9575,14.5053,70.75,52,0,6.91,clear sky
623,Itacarambi,BR,2022-07-13 15:32:38,-15.1022,-44.0919,88.14,28,7,6.02,clear sky
624,Guhagar,IN,2022-07-13 15:32:38,17.4842,73.1929,76.98,88,100,13.24,moderate rain
625,Motygino,RU,2022-07-13 15:32:38,58.1831,94.7592,51.24,91,68,2.53,light rain
626,Itoman,JP,2022-07-13 15:32:39,26.1247,127.6694,84.22,84,100,10.36,overcast clouds
627,Kiruna,SE,2022-07-13 15:32:39,67.8557,20.2251,65.32,55,100,4.61,overcast clouds
628,Mont-De-Marsan,FR,2022-07-13 15:32:39,44.0,-0.6667,104.45,16,0,5.75,clear sky
629,Vikhorevka,RU,2022-07-13 15:32:39,56.1201,101.1636,58.59,92,100,3.58,overcast clouds
630,Sunds,DK,2022-07-13 15:32:40,56.2042,9.0127,64.69,59,40,19.57,scattered clouds
631,Yichang,CN,2022-07-13 15:32:40,30.7144,111.2847,85.48,78,100,2.13,overcast clouds
632,Flin Flon,CA,2022-07-13 15:30:11,54.7682,-101.865,71.44,73,0,4.61,clear sky
633,Saint-Michel-Des-Saints,CA,2022-07-13 15:28:35,46.6834,-73.9159,72.93,45,40,6.78,scattered clouds
634,Dicabisagan,PH,2022-07-13 15:32:41,17.0818,122.4157,80.08,85,100,5.17,overcast clouds
635,Vanimo,PG,2022-07-13 15:32:41,-2.6741,141.3028,77.34,86,91,2.04,overcast clouds
636,Jacksonville,US,2022-07-13 15:31:44,30.3322,-81.6556,93.04,65,75,10.36,broken clouds
637,Young,UY,2022-07-13 15:32:41,-32.6833,-57.6333,56.3,53,5,10.47,clear sky
638,Babstovo,RU,2022-07-13 15:32:42,48.1167,132.4833,64.99,96,1,6.02,clear sky
639,Korla,CN,2022-07-13 15:32:42,41.7597,86.1469,84.09,17,100,4.41,overcast clouds
640,Bad Munstereifel,DE,2022-07-13 15:32:43,50.55,6.7667,88.86,37,76,11.9,broken clouds
641,Prince Rupert,CA,2022-07-13 15:32:43,54.3161,-130.3201,53.69,87,100,19.57,overcast clouds
642,Kalmunai,LK,2022-07-13 15:32:44,7.4167,81.8167,83.48,56,99,12.24,overcast clouds
643,Puerto Maldonado,PE,2022-07-13 15:32:44,-12.6,-69.1833,68.4,64,0,8.05,clear sky
644,Boa Vista,BR,2022-07-13 15:32:44,2.8197,-60.6733,84.18,74,40,11.5,scattered clouds
645,Gomel,BY,2022-07-13 15:32:45,52.4345,30.9754,60.78,94,100,13.42,light rain
646,Bartica,GY,2022-07-13 15:32:45,6.4,-58.6167,89.92,89,95,2.48,overcast clouds
647,Zinder,NE,2022-07-13 15:32:45,13.8072,8.9881,93.16,46,0,17.27,clear sky
648,Novoanninskiy,RU,2022-07-13 15:32:46,50.5287,42.6747,73.56,77,81,2.51,light rain
649,Haines Junction,CA,2022-07-13 15:32:46,60.7522,-137.5108,46.35,93,100,1.14,overcast clouds
650,Amreli,IN,2022-07-13 15:32:46,21.6167,71.2333,79.16,89,100,12.64,overcast clouds
651,Sioux Lookout,CA,2022-07-13 15:32:47,50.1001,-91.917,68.07,45,40,5.75,scattered clouds
652,Kyren,RU,2022-07-13 15:32:47,51.6828,102.1408,60.39,95,84,3.56,light rain
653,Taunggyi,MM,2022-07-13 15:32:47,20.7833,97.0333,64.38,97,78,3.47,broken clouds
654,Kirovskiy,RU,2022-07-13 15:32:48,45.0917,133.5136,66.92,93,91,4.81,overcast clouds
655,Quzhou,CN,2022-07-13 15:32:48,28.9594,118.8686,83.37,68,87,2.24,overcast clouds
656,Manggar,ID,2022-07-13 15:32:48,-2.8833,108.2667,81.39,77,95,1.77,overcast clouds
657,Morondava,MG,2022-07-13 15:32:49,-20.2833,44.2833,74.57,69,0,10.8,clear sky
658,Watertown,US,2022-07-13 15:32:49,42.3709,-71.1828,87.42,50,40,6.91,scattered clouds
659,Garowe,SO,2022-07-13 15:32:49,8.4054,48.4845,88.11,29,18,21.85,few clouds
660,Sarangani,PH,2022-07-13 15:32:49,5.4033,125.4636,80.53,78,71,1.74,broken clouds
661,Santa Marta,CO,2022-07-13 15:32:40,11.2408,-74.199,86.05,70,40,8.05,scattered clouds
662,Borovoy,RU,2022-07-13 15:32:50,55.4333,86.0833,58.28,54,20,4.47,few clouds
663,Wladyslawowo,PL,2022-07-13 15:32:50,54.7909,18.4009,77.0,69,80,17.92,broken clouds
664,Northam,GB,2022-07-13 15:32:51,51.0333,-4.2167,69.39,69,99,14.36,overcast clouds
665,Oranjestad,AW,2022-07-13 15:32:51,12.524,-70.027,84.15,74,75,17.27,broken clouds
666,Lethem,GY,2022-07-13 15:32:51,3.3803,-59.7968,86.05,70,75,13.8,broken clouds
667,Kolaras,IN,2022-07-13 15:32:51,25.2333,77.6,89.19,52,99,2.48,overcast clouds
668,Broome,US,2022-07-13 15:32:52,42.2506,-75.833,79.7,65,75,5.01,broken clouds
669,Imbituba,BR,2022-07-13 15:29:43,-28.24,-48.6703,60.85,74,70,3.0,broken clouds
670,Luba,GQ,2022-07-13 15:32:52,3.4568,8.5547,78.69,91,82,11.95,light rain
671,Biak,ID,2022-07-13 15:32:52,-0.9131,122.8766,74.98,88,99,6.22,overcast clouds
672,Aasiaat,GL,2022-07-13 15:32:53,68.7098,-52.8699,37.85,97,100,3.29,light rain
673,Mihona,IN,2022-07-13 15:32:53,26.2844,78.9817,100.36,32,87,6.33,overcast clouds
674,Ayagoz,KZ,2022-07-13 15:32:53,47.9714,80.4392,66.11,37,3,11.79,clear sky
675,Sandwick,GB,2022-07-13 15:32:54,60.0,-1.25,53.42,87,75,24.16,broken clouds
676,Anapolis,BR,2022-07-13 15:28:15,-16.3267,-48.9528,79.27,33,0,6.91,clear sky
677,Kloulklubed,PW,2022-07-13 15:32:54,7.0419,134.2556,75.7,76,100,5.03,overcast clouds
678,Abu Kamal,SY,2022-07-13 15:32:54,34.4506,40.9171,100.13,11,1,13.42,clear sky
679,Camana,PE,2022-07-13 15:32:55,-16.6228,-72.7111,63.61,73,30,7.16,scattered clouds
680,Filadelfia,US,2022-07-13 15:30:42,39.9523,-75.1638,89.19,54,75,4.61,broken clouds
681,Pangai,TO,2022-07-13 15:32:55,-19.8,-174.35,78.03,85,40,23.91,scattered clouds
682,Sinnamary,GF,2022-07-13 15:32:55,5.3833,-52.95,75.25,94,98,8.5,overcast clouds
683,Kyabe,TD,2022-07-13 15:32:56,9.4515,18.9449,76.51,80,98,3.44,overcast clouds
684,Victoria Point,AU,2022-07-13 15:32:56,-27.5833,153.3,51.91,78,0,1.99,clear sky
685,Altamira,BR,2022-07-13 15:28:26,-3.2033,-52.2064,90.55,45,83,3.69,broken clouds
686,Katsuura,JP,2022-07-13 15:31:28,35.1333,140.3,74.26,93,100,10.18,overcast clouds
687,Albina,SR,2022-07-13 15:32:56,5.5,-54.05,81.55,85,79,4.09,broken clouds
688,Raga,SS,2022-07-13 15:32:57,8.4596,25.678,76.62,85,71,3.29,light rain
689,Zenzeli,RU,2022-07-13 15:32:57,45.9241,47.0474,89.44,28,9,12.5,clear sky
690,Muisne,EC,2022-07-13 15:32:57,0.6,-80.0333,76.87,81,100,12.55,overcast clouds
691,Sept-Iles,CA,2022-07-13 15:32:08,50.2001,-66.3821,66.72,70,75,12.66,broken clouds
692,Raudeberg,NO,2022-07-13 15:32:58,61.9875,5.1352,54.27,85,63,21.92,light rain
693,Rodrigues Alves,BR,2022-07-13 15:32:58,-7.738,-72.6509,86.2,51,8,2.44,clear sky
694,Troitsko-Pechorsk,RU,2022-07-13 15:32:58,62.7084,56.1964,78.69,58,52,6.38,broken clouds
695,Asuncion,PY,2022-07-13 15:28:18,-25.3007,-57.6359,65.89,55,0,10.36,clear sky
696,Velizh,RU,2022-07-13 15:32:59,55.6056,31.1967,57.83,84,99,7.02,overcast clouds
